name,address,rating,total_reviews,phone,top_reviews,has_vacancies,under_36_months,months_30_to_5_years,grade_1_to_age_12,licensed_preschool
Kidscool ELC Coquitlam,"1116 Como Lake Ave, Coquitlam, BC V3J 3N8, Canada",4.8,33,(604) 767-9726,"Both my kids attended Kidscool, my oldest graduated there and had the best time. The teachers we had were all wonderful and I’m really grateful for how much care and love they have for my children. Based on just the teachers, it’s an easy 5 ⭐️s.  If you, however, have a child whose birthday is not close to September, be warned that they can “age out” of their class and you find yourself suddenly informed unceremoniously with not even a full months notice that you have no daycare for x months, in our case it was 3 months. We were offered a spot in their New West location, our kids attended the Coquitlam. That would have made our commute impossible with two working parents. It never happened to my oldest whose birthday is also two weeks from my youngest so it was a shock to us. We ended switching daycare permanently not wanting to put a little kid through multiple changes. It was an unfortunate end to our years of relationship with Kidscool. Management should really plan better and yes, they can apply for an extension for your child with the ministry if they want or care enough to make it work. It left a very sour taste, giving it a 4 ⭐️ purely because of how amazing the teachers are. If you have a kid with a summer birthday and cannot have no care, I would proceed with caution. | I’m so grateful for the exceptional care my daughter receives at Kidscool. The staff is warm, professional, and dedicated, creating a safe and nurturing environment. The facility is clean, bright, and filled with age-appropriate activities that keep my child engaged and excited to learn.  I particularly appreciate the open communication, with daily updates and regular newsletters that keep me well-informed. Since starting at Kidscool, I’ve seen my daughter grow in confidence, social skills, and enthusiasm for learning.  If you’re looking for a daycare that truly cares about your child’s development, I highly recommend Kidscool. It’s been a wonderful experience, and I’m so thankful for the peace of mind it provides. | I'm so grateful for the wonderful care my daughter receives at this daycare. The teachers are incredibly kind, supportive, and genuinely care about the well-being of each child. My daughter absolutely loves spending her days there, and it brings me so much peace of mind knowing she's in such a nurturing environment. I especially appreciate the daily reports that keep me informed about my daughter's day. These updates not only help me stay connected to her activities but also significantly reduce my stress, knowing exactly how she's doing each day. I also want to extend a special thanks to the manager, Rihanna, for her kindness, support, and polite demeanor. She has created a warm and welcoming atmosphere that truly makes a difference. Thank you to everyone at the daycare for your dedication and care. I highly recommend this place to any parent looking for a safe and loving environment for their child. We will miss you! | My experience with Kidscool Early Learning Center has been extremely positive. The teachers are super kind, caring, and lovely. Communications with the owner as well as teachers have been excellent. Highly recommend! | My son has been at Kidscool since 2022 and it’s been a really wonderful experience and we would certainly recommend attending here.  He has grown and learnt so much in his time here. All of the teachers have always been so caring and the facilities are clean and professional, with lots of great activities and learning opportunities for the children. He has made some lovely friends and really enjoys his time there.  They also use the Lillio app, which updates us and sends several photos every day, which gives us extra peace of mind.",False,True,True,False,False
Little Papillon Childcare,"1436 Cambridge Dr, Coquitlam, BC V3J 2P7, Canada",5.0,1,(604) 849-5241,"Little Papilon Child Care has been an amazing experience for our family. The staff is professional, warm, and attentive to each child’s needs. The activities are engaging and age-appropriate, and the environment feels safe and nurturing. I truly appreciate the care and dedication they show every day",True,True,True,False,True
Rainforest Learning Centre Coquitlam,"511 Rochester Ave, Coquitlam, BC V3K 0A2, Canada",4.1,37,(604) 837-0800,"I recently had the pleasure of spending time at  rainforest daycare and I must say it was an incredibly positive experience. The environment is warm, welcoming, and perfectly suited for children to learn, play, and grow. From the moment I walked in, I could see the attention to detail in every aspect of the daycare. The facilities are clean, well-organized, and filled with engaging, age-appropriate activities. The staff is not only professional but also genuinely caring and attentive to the needs of each child. I cannot speak highly enough of the director Ms.Laleh and  leadership and dedication are truly inspiring. She  has created a nurturing environment where both children and staff feel valued and supported.Ms.Laleh and her team approach to childcare is both thoughtful and innovative, ensuring that every child receives the best possible care and education. Overall, Rainforest in Coquitlam area has exceeded my expectations in every way. I highly recommend this daycare to any parent looking for a safe, nurturing, and stimulating environment for their child. | We appreciate Rainforest so much! Everyone that has been a part of her day to day over the past few years have had such a positive impact on her growth and happiness and it’s been incredible to watch her learn and thrive in such a wonderful environment. We are also so grateful for Rainforest’s pivotal role in getting her ready for this next chapter, Kindergarten! Thank you Rainforest Coquitlam ! | Rainforest Learning Centre (Coquitlam) was our first choice for daycare for our 1-year-old due to its location, cleanliness and curriculum. Our child adores the staff there and they have treated her with nothing but kindness. They are responsive to any concerns we have and the communication has been excellent, both in-person and using the parent-daycare app on the phone. Thank you so much and keep up the great work. | My daughter has been attending Rainforest Learning Centre in Coquitlam for over 2.5 years, starting in the IT side and now in the Pre- K class. We have nothing but good things to say about this facility and the Pre-K class. The teachers are all so caring, consistent  and enthusiastic. The center is clean/tidy and the schedule is always a good mix of learning and play. My daughter loves going to daycare to see her friends and favorite teachers- thank you Rainforest Learning Center Coquitlam! | Our oldest daughter has attended Rainforest since she was 15 months old. She loves attending school and loves her classmates and especially her teachers. She is now in the Pre-K room and is learning new things everyday - she especially loves all the crafts and now wants to be an artist when she grows up. My youngest started this past September and loves her new little friends in the Infant/Toddler room. Both my daughters language skills grew quickly after being in daycare.  I love that the daycare is small and doesn't have dozens of children in it. The teachers are patient and kind. Both my daughters have built meaningful relationships with both teacher and their classmates.",True,False,True,False,True
Mountain View Group Day Care,"740 Smith Ave, Coquitlam, BC V3J 4E7, Canada",4.3,17,(604) 937-3020,"This is the worst daycare ever! The teachers don't listen to the kids. They pretend that they can't hear you so they don't have to deal with you. The kids there always are fighting! When a kid is crying, they don't realize until you yell at them at least three times. The teachers are just talking to each other, or they'll be on their phones. They don't interact with the kids. They don't give snacks. If a kid forgets to take home their unfinished food, they'll feed it to the rest of the kids. If you sign your kid up for this daycare for at least six months, your kid will likely get a habit of swearing, start to act more violent and aggressive or get extremely attached to video games. One time, when I was in the daycare, I found a piece of broken glass in one of the toy bins. I told the teacher, the teacher told me to pick it up and bring it to her! Don't they know it's dangerous to touch broken glass!? To make it clear, I am talking about the 5-12 group. Please parents, do not sign your kid up for this torture! I have gone to this daycare, as a kid, I hated it. | I don't know why this daycare  is still open. ! This is the worst daycare I have ever experienced. The teachers here do not care about the children, they only turn on THE TV for the children, and will say unkind words to the children. If your children are smart, you are lucky, and if your children are naughty, you are unlucky. The manager here may be the owner of this place, which is a very hypocritical person. | I also would like to add my notes in regards to the previous posts. This is a well run daycare, with staff that consistently go above and beyond for the parents and children. My son and niece have been there for 5 years and we have never had a problem with the staff and I have no hesitation recommending them. | Well on a totally different subject from the reviews before me..History... I went to this school from 1960 - 1967/8. I started in the 4 room school as did my older brother who had started there 10 yrs before me. My favorite teacher lived kitty corner to the school, Mrs Kydd, I kept in touch with her till her passing celebrating my milestones with her when ever I could. It did not matter what town I lived in or where she had travelled on freighters with her son being the captain, her teachings kept going. I remember Mrs. Dalton our principal, every few months her hair would change from a light pastel pink to a light pastel blue, silver and a real pale tint of pastel purple ....... she had always greeted her students with a smile. The basement was the indoor play area, boys on one side, girls on the other. To use the washrooms we had to leave the classroom by the outside stairs, through rain, sun, sleet, snow..... lol to the basement where the toilets were. I got to see the new addition built and attend classes in it. We had an awesome track n field team plus our sports days were the best with the 1 minute egg walk. Many of us youth even played touch football and softball in the field there. So there is some good memories, positive thoughts of one of the older landmarks of Coquitlam. | I like this daycare.Parents, be aware- they don't have educational programs( school style- lots of songs, letters  themed activities) the kids just play and ..play.If you think that a child should play at this age then is a good option. if you consider that the child needs more strict education  then choose something like  a Montessori . Recommended.",False,False,False,True,False
Educastle Childcare Coquitlam,"3020 Lincoln Ave #270, Coquitlam, BC V3B 6B4, Canada",4.9,31,(604) 942-2273,"My son has been attending Educastle since he was 2 years old, and we couldn’t be happier with the experience. The teachers are caring, patient, and genuinely invested in the children’s growth and development. We’ve seen amazing progress in his social skills, learning, and confidence. The daycare provides a safe, nurturing environment with fun activities that keep the kids engaged and excited to come every day. As a parent, it gives me peace of mind knowing he is so well looked after. Highly recommend Educastle to any family looking for a wonderful daycare! | I am so happy that my son has joined Educatle Childcare. The staff are very kind and friendly. They are very professional and well trained educators. Each day, my son learns something new and excitedly shares it with us. I cannot say enough nice things about this daycare and would highly recommend it! | We have had such a wonderful experience with Educastle over the past two years. My little one truly enjoyed her time there and was always excited to go. All the teachers have provided such loving and attentive care, they have made a lasting impact on her early years. We are so grateful for the nurturing environment and all the support everyone has given our little one. Thank you for everything! | If you are looking for a truly professionally after school care, this is the place! My kid loved it and I really enjoyed their professionalism, amazing time management and swift communication with parents. This is the example of a really organized and caring place. All the staff were very helpful and nice, snacks are great and children love it there. Definitely recommend! | I currently have two children attending this daycare. It’s been almost four years since I first enrolled my eldest here. It was already a good place, but ever since the new manager took over, the atmosphere has improved even more. There are now more events involving both parents and children, which I really appreciate.  The outdoor playground is also a big plus — the kids can play outside safely without having to leave the building area, which gives me peace of mind. They also frequently go on library visits and engage in various learning activities, including alphabet practice and other educational play. It’s clear that this center puts a lot of thought into its curriculum, and I’m very satisfied overall.",False,False,True,False,False
Kiddies Korner Preschool,"948 Como Lake Ave, Coquitlam, BC V3J 7P9, Canada",4.9,44,(604) 941-4919,"This pre-school is incredible! My daughter attended Kiddies Korner preschool last year while they were still in Port Coquitlam.  We recently moved to Maple Ridge and even though they moved locations to Coquitlam we knew we wanted her to still attend this year.   Although that means a 30-45 minute drive we could not imagine her going anywhere else.  Ms. Carmen and Ms. Shelley are incredibly caring teachers and have the best relationships with their students. It truly is so special to see the bond they form with the students.  This is the most wonderful community to be apart of and I am so happy we found Kiddies Korner Preschool. | We’re so so grateful we found KKP.  We love the teachers and our little guy feels so safe there.  We love their philosophy and allowing our little guy to blossom and be himself.  The teachers are so caring, communicate so closely with us parents, and are such wonderful people.  We were blown away at our teacher meet and greet.  Ms. Carmen and Ms. Shelley are such caring and wonderful humans, they’re so warm and loving, and we are just so lucky to have them help our son thrive.  We’ve toured many other early education centres in the area, and Ms. Shelley and Ms. Carmen instantly made us feel so safe and secure—bonus is the awesome classroom environment and their own outdoor playspace!  No need for our little guy to navigate busy roads to get his outdoor time. | Both of my children have attended KKP, and it has truly become a community we cherish deeply. KKP has such a longstanding legacy in the Tri-Cities, and it’s easy to see why — it’s a place where families come together and truly feel like part of something special. From the very beginning, we were looking for more than just childcare. We wanted a preschool where our kids would feel loved, supported, and encouraged to grow through play, curiosity, and connection. KKP has been all of that and so much more.  Carmen, Shelley, and the entire KKP team have created a nurturing, inclusive, and joy-filled environment. Their passion, patience, and genuine care shine through in everything they do. They’ve not only shaped our children’s early experiences but have touched our whole family in meaningful, lasting ways.  As a parent of sensitive and shy little ones, I was initially anxious about sending them to preschool. But from the moment we met Carmen and Shelley, I knew they were in the best hands. They have such a gift for seeing each child for who they are and helping them flourish at their own pace. Their guidance and calm wisdom have even influenced me as a parent — I often find myself inspired by their thoughtful, compassionate approach.  KKP isn’t just a preschool; it’s a loving, supportive community that feels like family. The families here lift each other up through the highs and lows of life, and that sense of belonging is something truly special. We are endlessly grateful for all that KKP — and especially Carmen and Shelley — have created. | I truthfully don’t even know where to start- we are so incredibly lucky to have found this preschool and our gratitude to the teachers here extend beyond the basics of keeping our child happy and safe. Ms. Shelley and Ms. Carmen go above and beyond to build trust with each kiddo that walks through their doors and the level of care they have for them surpasses what I could have ever imagined a preschool could provide.  Our little miss started here shortly after she turned 3 and the amount of growth we’ve seen in her since starting preschool at KKP is incredible. I credit Ms. Carmen & Ms. Shelley’s approach with a large part of the confident, assertive little toddler we have now and can’t imagine better role models for our sweet girl than the teachers she has here.  Highly highly recommend Kiddies Korner to any parent who’s even thinking about preschool for their little! | My daughter just started at Kiddies Korner this year and we already love it. Shelley and Carmen are incredible educators who truly value each child’s individuality and emotional development. The way they connect with the kids is amazing. It’s such a caring, respectful and joyful environment—highly recommended!.",False,False,True,True,True
Kidsville Childcare Coquitlam,"1518 Smith Ave, Coquitlam, BC V3J 2Y3, Canada",5.0,8,(604) 655-7718,"Luigi is great at supporting my child. I couldn't ask for a better childcare provider! Luigi not only looks after my child and meets her needs, my child has developed so much emotionally and cognitively since attending Kidsville. Luigi is very patient with my child. She has the patience and empathy to work with kids. Most importantly, my child told me she loves going to Kidsville. I could tell Luigi is passionate about working with kids! | My son absolutely LOVES attending Kidsville Childcare! Luigi provides the absolute top notch loving care. She always manages to provide quality one-on-one learning to meet each child's specific needs, and our son is learning sooo much. He is currently 21 months, and since starting at Kidsville he has learned some great skills (cleaning up toys/books, listening at story time, using his utensils, sharing toys, and many new words). Luigi provides healthy snacks and I am never worried whether he has eaten enough nutritious food, he also always naps well. Kidsville is set-up beautifully and very thoughtfully. It is the entire upstairs, which I prefer to a lot of home daycares with basement set-ups. Her backyard is very large, and she has a really nice back shaded deck for colder rainy days, set-up with educational and fun toys. If you're looking for a new childcare setting, do not hesitate to meet Luigi! If it is your child's first time starting at daycare, Luigi does an amazing job transitioning. She also does a great job updating me throughout the day with how he is doing and super cute photos. | My daughter attends Kidsville Childcare and aboslutely LOVES it here.  Luigi is absolutely amazing and my daughter loves her so much.  She went from having high separation anxiety and crying every morning, to being so incredibly happy and excited to attend daycare and always coming home with the biggest smiles.  The improvement, growth, and happiness I have seen in my daughter these last couple months have just been so heartwarming.  I definitely trust Luigi with my daughter and love all the effort and commitment she puts into her daycare.  I couldn't ask for a better daycare and both my husband and I are so thrilled we had the opportunity to have Luigi as our daughter's care provider | We absolutely recommend Kidsville to families looking for a loving and nurturing environment. Luigi has created a beautiful space for the children on the first floor, which I highly appreciated compared to most home daycares in the basements. Luigi and Luvi are both so kind and warm yet also firm with the children when needed. Our son is always so eager to go to daycare and loves spending time with the teacher(s) and friends. I could go on and on about how much I recommend this daycare. Each day, we come home knowing that our son had a great day. Luigi and Luvi always provide honest feedback to support the best interest of our child. We are blessed to have found a gem! | The owner of Kidsville Childcare, Luigi, was the ECE at our childrens last daycare.  She left with the pursuit of opening her own childcare centre and   we are very pleased to see she has accomplished her dream.  Luigi took care of up to 8 kids at a time and made sure they were all happy and well taken care of.  She kept them on a well balanced, event filled, schedule. They would keep busy during the day doing crafts, sensory projects, learning, reading, outside time, yoga, dancing etc.  Our kids were well taken care of while with Luigi and we never had to worry about our kids while they were away from home. You can trust that your kids are in good hands while they are with Luigi.    I would recommend here as an ECE to anyone looking for childcare.",True,True,True,True,True
First Steps Daycare,"675 Blue Mountain St, Coquitlam, BC V3J 4R5, Canada",4.6,10,(604) 726-6842,"My daughter loved the daycare! The educators are caring, supportive, and very communicative. They regularly send photos of the kids' activities, and it's clear that the children are having so much fun. There's a large backyard with a garden where the kids grow food, play, and enjoy celebrations. We’re very grateful for the warm and nurturing environment in the First Steps Daycare. | First steps is an excellent daycare, I highly recommend it. My son has attended it for two years and he'll definitely have lots of warm childhood memories from there. He has always looked forward to coming to his daycare and never hurried up home when I came to pick him up  It's a safe and cosy place with amazing atmosphere. Kids play in a lovely garden and do lots of different educational activities during the day. I'm very grateful to Ms May and Ms Hannah, they are the best teachers you can imagine, very professional, attentive and supportive. They understand personal needs of every child and as a parent I never worried about anything.  Last but not least, Ms May and Ms Hannah organize great parties for the kids for Christmas and other holidays with gifts and surprises, which brings so much joy and happiness to the kids. Thank you very much Ms May and Ms Hannah for happy childhood of our kids!",False,True,True,True,True
Baby Smart Infant and Toddler Child Care Centre,"1530 Como Lake Ave, Coquitlam, BC V3J 3P6, Canada",5.0,13,(604) 306-6698,"This past year, I often picked up my granddaughter from Baby Smart. Whenever I arrived early, I saw children actively engaged in fun learning activities.  My granddaughter would proudly show me what she was doing. Sometimes I had to coax her to come back home because she was having so much fun.  Sunny and her team work seamlessly to provide the best social and individualized program to foster each child's social sense and learning through fun. As a former teacher of young children, I highly recommend Baby Smart! A child attending Baby Smart is lucky, indeed! | Sunny and all the other teachers there are amazing. They are very caring and understanding.  I love that they have a big outdoor space in the front and back for them to play outside.  The activities that they do with the kids are so fun.  A big plus is that we get daily updates of photos and videos of what they are doing (ex. playing outside, artwork, circle time, etc). My son loves going to school there everyday. I would highly recommend this place to my friends and family if they are looking. | My son started at this daycare when they were just 11 months old. As a first-time mom returning to work, I was filled with anxiety and guilt about leaving my child for the first time. But I was incredibly lucky to have teachers like Sunny and Anna—they are so loving, patient, and responsible. Their care and communication gave me great peace of mind every day. I'm truly grateful for their support and the wonderful environment they provide. Highly recommend this daycare! | My wife and I had our first child and it was very stressful for us to find a good daycare/school. Sunny, Ms. Bing and Ms. Anna were recommended to us, we were still so nervous.  We were so lucky Sunny had an opening for our daughter. The first week was hard, she was scared leaving mommy and daddy. The attention and care and love they've shown our daughter has really helped her blossom.  Within a week she (our daughter) was so excited, her language and social skills grew so quickly. She would come home singing the alphabet. She was asking us for potty. Transitioning as she aged from the smallest to a leader for the younger kids, helping them put on shoes and sheltering them with love and nurture as she clearly learnt through daycare.  Every day its a joy to get the updates from Sunny and her team, seeing what they're learning next. From Shadows, to Rain, to horticulture.  Every day I pick up our daughter she excited runs around showing me, and showing off, with such excitement everything she's learnt and experienced.  I cant imagine a better environment to grow with both learning and socially. I attribute a lot of the confidence, empathy and critical thinking to the time she has spent at Baby Smart.  Its with a melancholy our daughter is reaching the age to move on, she will miss all her friends and especially Sunny and her staff (Ms Bing and Ms Anna) but we hope to bring her back to visit.  We are so happy and thankful that we were able to enroll our daughter with baby smart, even though its a bit of a drive for us, when closer options opened up we wouldn't even consider an alternate place to trust with the most special treasure of our heart.  Thank you so much Sunny and everyone, the love, comfort, guidance and stimulation you provide to our precious little joy. Words cannot thank you enough.  I strongly recommend Baby Smart. This isn't just a daycare, its a launch pad to prepare our daughter and all others we've met (as well as a great place to meet similar parents for playdates) and an overall amazing support and experience.  Frustrating as it is sometimes to have to coax my daughter away at the end of the work day. She loves it here, along with her learning and growth, speaks for itself. | I’m beyond grateful to Baby Smart for the incredible care and support they provided to my daughter! From the very beginning, Sunny and the amazing team of teachers made us feel welcomed and reassured. They were always professional, kind, and genuinely caring, constantly keeping me informed about my daughter’s day through regular updates and adorable photos—something I truly appreciated as a parent.  My daughter absolutely loved going to daycare every day. Her excitement and happiness gave me so much peace of mind, knowing she was in such loving and capable hands. Baby Smart supported her through every important milestone, including potty training, and celebrated every little success along the way.  What truly amazed me was how much she learned while having fun—numbers, the alphabet, art, music, and more—all through playful activities, dancing, and creativity. They even celebrated special events and birthdays with such warmth and attention, creating beautiful memories we’ll cherish forever.  Thank you, Baby Smart, for being such a nurturing, joyful, and educational space for my daughter. You made a lasting impact on her development—and on our hearts!",False,False,False,False,False
Nik Kids Academy,"622 Schoolhouse St, Coquitlam, BC V3J 5P7, Canada",4.9,57,(778) 885-3264,"We couldn’t have been happier with the experience. If we had known about Nik Kids Academy earlier, we would have enrolled our son much sooner. We can truly compare, as our first experience with another daycare was not good or professional at all. Moni, on the other hand, is incredibly caring, kind, and professional, we always felt that our little one was in the best hands. We’re so grateful for the love and support he received every single day. I highly recommend this daycare 100%! | We are incredibly grateful for the wonderful care provided by this daycare. From the daily updates to the personal messages, it’s refreshing to know our daughter is in such good hands. Thank you! | My 21 month old son has been enrolled for 6 months now.  We’ve been very happy with Moni and the way she runs her daycare.  There’s always new activities for the kids and the daily updates with photos help keep my husband and I connected during the day.  My son always seems calm & happy to be dropped off; never upset when I pick up him :) Not to mention my son is always clean!  Washed hands, combed hair, clean clothes, dry diaper, etc.  I’ve noticed many small details that I so appreciate - thx again Moni 🩷 | Nik Kids Academy is one of the safest daycares in Coquitlam. The environment is friendly, clean, and well-maintained. Monireh is incredibly responsible , kind and cares for each child with great attention. I’m so happy to have found this daycare near Austin and Schoolhouse Street. The kids feel comfortable here, and the food is excellent. I truly appreciate all their hard work and dedication. | My son attended this daycare from age two to three. If I had known earlier, I would have brought him from age one because his progress was amazing. We were very happy with Moni and truly satisfied. I highly recommend this daycare 100%.",False,False,False,True,True
Jiji Children's Learning Centre,"1132 Sprice Ave, Coquitlam, BC V3J 2P4, Canada",3.9,14,(604) 936-6060,"My daughter attended Jiji’s Learning Centre from 11 months old until she started kindergarten, and it was truly the best experience we could have hoped for. Jiji is the heart of the centre—patient, caring, consistent, and genuinely loving toward every child.  Even after we moved to Surrey, we continued to bring our daughter to Jiji because we trusted her completely. That alone says everything about the level of comfort, stability, and care she provides.  Because Jiji is the only teacher, she really gets to know each child’s personality and needs. My daughter always felt safe, understood, and supported. Over the years, I watched her grow in confidence, independence, and curiosity thanks to Jiji’s gentle guidance and thoughtful learning activities.  As a parent, it meant everything to drop my child off knowing she was with someone who cared for her like family. We are incredibly grateful for the years of warmth, stability, and kindness Jiji gave our daughter during her most important early years.  Thank you, Jiji. You truly helped shape who she is today, and we will always be grateful. | My daughter was with Jiji for almost two years, starting from when she was just one, and I can truly say that we were incredibly blessed to have Jiji care for her during that time.  I always felt at ease knowing my daughter was in a safe, loving, and attentive environment. She has learned so much. She comes home singing songs from daycare day and night, and she’s become so independent with things like putting on her own clothes and shoes.  I’ve always appreciated Jiji’s structure, cleanliness, and the spacious backyard space she provides. There’s plenty of room for the children to play, explore, and learn about gardening, which my daughter absolutely loved. My daughter comes home with neat crafts and stuff grown from the garden.  Every single day we were greeted with warmth, positive energy, and a genuine smile. At pickup, Jiji would always take a moment to share how my daughter’s day went. She’s diligent about making sure the kids are dressed appropriately, whether it’s hats, sunscreen, or layers.  And she communicates clearly about what they’ll need. Her cleanliness and care for the children’s well-being are unmatched.  Jiji shares photos and videos regularly, which made me feel even more connected to my daughter’s day. She sets rules and boundaries that truly matter and enforces them with kindness and consistency.  Thank you, Jiji, for helping my daughter grow. We are so grateful for our time with you, and we would wholeheartedly recommend you to any family. | Childcare for parents is incredibly stressful and expensive.  Emotions can run very high. I hope this can bring a balanced perspective.  My son has been there for almost 2 years now.  He talks like a lot (it's cute but it's so much), so I know he always has a good day there. Every time we arrive its always with Jiji's warm smiles.  We get pictures and videos, he comes home with songs, food they grew, arts and crafts. We get end of day updates on him before we leave, she has taught the kids how to put on their own clothes, the kids are always so well behaved and smiley.  They go outside everyday to a big backyard with toys so they get lots of fresh air.  They plant a garden together.  And my son is  now doing potty training with her.  The facilities are very clean. And when my son goes through separation anxiety after every one of our vacations, she has been patient helping him reacclimate.  How does she seem to do this all?  Jiji is regimented, firm, but caring. She knows children do better on a routine.  This isn't a drop-in daycare. Everytime we have dropped by unannounced the children are so organized, calm, and smiley.  Kids are requested to be in by 9 so there are no interruptions with their daily activities.  She keeps on top of whether they are warm enough with their clothing and if they are hungry still after lunches.  She makes sure all children feel included in all activities.  She watches closely how older kids interact with younger ones and what is off limits with the babies (my son tells me that). She can sometimes have specific asks but it's usually for the child. At the end of the day when we go and pick up our son we see Jiji there gently interacting with the children, encouraging their curiosity.  Then she greets us with big smiles and laughs and tells us his day.  I know she genuinely cares for the children.  2 years in I would absolutely recommend Jiji to any parent who is looking for a warm care-giver who is invested in their child for the long term. | Our son has been enrolled with Jiji's Learning Centre for the past two years, and so-far our experience with her and her care centre has been great.  First, she has a wonderful facility - my wife and I had looked around at other home care facilities both for our son, and previously for our daughter when she was younger and few have come close to matching the environment created here. Her indoor space is calm, clean and organized with lots of activities, learning and play materials and stations. It really feels like an inviting play space for the kids. Her schedule keeps the children active a healthy with outdoor play in the backyard which is full of other play stations, cars, kitchen sets, a slide and a garden!  We love how much fun our son has exploring outdoors, picking fruits the summer, and when indoors, Jiji has the children often do seasonal crafts and creations that our son is always excited to bring home to show us.  We love that Jiji posts photos and videos of the kids enjoying circle time, sharing toys at weekly show-and-tells, singing songs and playing outside - it's really great to see the kids interacting and having fun together, and makes us feel connected and comfortable knowing they are engaged and happy.  I feel assured that Jiji always has the best interest of our son, and the other children there in mind. She's on top of their clothing and sunscreen, ensures children are always dry and warm in the cold or rainy weathers and bundles up the day's laundry for us in the afternoon to ensure the children always stay clean. She keeps them to a structured routine and practices sharing, skills and behaviours that have the children behave well and feel really well-adjusted. ( If you haven't seen 8 little kids sit calmly and patiently in a line to put on their shoes together...it's adorable ) She's very open with her communication to us as parents as well - recently for example, after a lengthy family vacation, our son was having trouble with separation anxiety. Jiji noticed this, reached out to us and worked with us to come up with a plan to make morning departures more fun and help acclimate him to the routines - with a secret hug, goofy smile and letting him bring something (book/shirt) to show Jiji and look forward to, rather than focus on the anxiety of leaving us. It was nice to have her care about our son and work with us to help him grow.  Overall, It's been wonderful to see him develop from a timid toddler, to an excited little boy - eager to greet Jiji with a new silly smile each morning, and depart with an energetic high five each afternoon. At the end of a long, stressful workday it's heart-warming to come pick him up and see him chatting or playing with his friends, or with Jiji ( since we're often the last ones there ), and have him light up with excitement, eager to talk about the bugs he saw outside, the food he got from the garden, the picture he made with Jiji or the other fun parts of his day with us.  We've been very happy with the Jiji Children's Learning Centre and would happily recommend her to other parents who are looking for a warm, welcoming care-giver with a clean, structured facility that helps develop and care for kids in a healthy and supportive manner.  -----  Note: I believe my wife has also posted a review here. It's probably more articulate and concise than mine, so have a read through that if you want her perspective - or if you've read this second and things sound familiar to another post. Regardless - we're very happy with Jiji and her centre, and her care. And so is our son. If you've read this far - I hope you have a good day too! Cheers! | My daughter has been with Jiji since she was 11 months old and is now almost 4.  Jiji Children's Learning Centre is a caring and loving environment. My daughter always tells Jiji that she loves her when I pick her up.  That let's me know what a kind hearted and caring person Jiji is.  Jiji is extremely organized and always keeps me informed about my daughter's behavior good and bad.  Jiji is not just my child's caregiver she is family.  I recommend Jiji Children's Learning Centre, if I could, I would give her 100 stars.",False,True,True,True,False
Children's Choice In Home Multi Age Licensed Daycare,"578 Thompson Ave, Coquitlam, BC V3J 3Z8, Canada",5.0,14,(778) 237-5312,"I am so extremely fortunate to be apart of this amazing daycare family.  The operator and staff are so loving, caring, and affectionate with all the kids. They are professional and compassionate in their approach and it has been such a pleasure in getting to know them on a personal level throughout the years.  Prior to joining Children’s Choice Daycare, I was a typical worried and anxious mom uncertain of what a new child care facility would bring upon us. After joining and being a part of Children’s Choice, I am ecstatic and so grateful with securing child care for both my kids, together, at one incredible home away from home.  My time with Children’s Choice, since September 2021, has been nothing but a positive and wonderful experience. I have ultimate trust in the operator and staff in caring for my kids. Furthermore, I feel at ease knowing that my two precious gems are in excellent hands treated with delicacy and care everyday.  Thank you Children’s Choice Daycare for continuing to do an amazing job! I highly recommend. | Our experience with this daycare has exceeded all expectations. We are so happy and fortunate to have found spots for our children under Adisa's care.  Adisa is very experienced, communicative, and genuinely cares about meeting the needs of each individual child. We are continuously impressed with the high standard of care offered, as well as the clean and welcoming atmosphere of the facility.  It has also been wonderful to join this friendly community of families. We look forward to being part of this daycare family for years to come! | My family was blessed to have found Children's Choice and Adisa! I am incredibly impressed with the level of care and love she provides. Adisa is highly trained and compassionate, ensuring each child feels welcomed and valued. The facilities are clean, well-maintained, and have age-appropriate toys and activities. The daily schedule includes a balance of playtime, educational activities, and quiet time, allowing for optimal learning and development. The communication between the daycare and parents is excellent, keeping us informed about our child's progress and any concerns. I highly recommend this daycare to anyone searching for a safe and nurturing environment for their child. Everyone in Children's Choice is part of our family! | My children attended Children's Choice daycare for close to 6 years combined between two of them. The care provided to them far exceeded my expectations. My children were always happy to go daycare as it left like their home away from home. The daycare operator is always kind and loving with the children. She was professional and reliable and always gave me a daily update on my child's day. She was very responsive and adjusting to our childrens' needs. Children are feed healthy snacks and have a huge backyard to play in daily. I'll always be grateful for the care my children received here. | Amazing daycare! Our son has been attending since 2019 and we feel so blessed to be a part of this daycare. The care providers are patient and kind and communicate very well. The facility is very clean and has a huge backyard where the kids play outside twice a day, our son loves being there. Highly recommend!",False,False,True,True,False
Little Sparrows Daycare,"1014 Quadling Ave, Coquitlam, BC V3K 2A6, Canada",5.0,4,(604) 603-1146,"Rosa was very kind, helpful attentive daycare provider. My kid loved going to the day care every day because Rosa was such a caring, lovely person. At the daycare , my son has learned the alphabets , numbers and slowly he started to read /spell simple words and that’s all due to Rosa effort and hard work. I highly recommend Little Sparrows day care. | Enrolling my child to Little Sparrows daycare was the best thing I have ever done for him. The teacher is extremely dedicated and loving with kids. It's impossible to find more passionate person for your child. Kids there were advanced at reading, match and general education. My kid always came home happy and he still talks about fun he had there, more then month after he started kindergarten.",True,False,True,True,False
Glowing Hearts Daycare,"705 Delestre Ave, Coquitlam, BC V3K 2G1, Canada",4.6,43,(604) 936-9890,"I have had a truly wonderful experience with this daycare and can confidently recommend it. The environment is incredibly safe, happy, and welcoming, and it’s very clear that the management and educators genuinely care about how the children feel. Every educator you see is constantly showing love, patience, and kindness to the children, which is truly heartwarming.  All of the educators are highly experienced, professional, and caring, and the daycare environment is always clean, organized, and friendly. What I really appreciate is how much they encourage independence and help build the children’s confidence from a young age.  The variety of creative and engaging programs they offer is amazing. There is always something new and exciting, which makes my daughter genuinely excited to go to daycare every day. She always looks forward to the new activities and experiences waiting for her there.  Lastly, I would like to sincerely thank the entire team, the dedicated educators, and the wonderful management for all that they do. | My twins, now 4 years old, have been attending Glowing Hearts since they were 2.5, and we feel so fortunate to be part of this daycare. We even bought a house this year so our children could continue coming here, which says a lot about how special this place is to our family.  The owner Shilpa, and the teachers, Marianne and Yukti, truly feel like extended family. My son, who doesn’t make friends easily and needs a little extra attention, is always met with love and patience by teacher Marianne, whom he absolutely adores. Their care and dedication are felt every single day, and our kids genuinely love going to daycare.  Glowing Hearts is truly one of the best daycares in Coquitlam, and we are deeply grateful to be part of this community. | I have seen this place running for years now and only have wonderful things to say about it. The daycare is well organized, clean, welcoming and provides the best care of kids outside of home. Highly recommended. The staff puts in lots of effort for all kids and makes each kid feel comfortable. | I’m so thankful for this daycare! When my son first started at age two, he couldn’t speak any English and cried a lot. The teachers and director were so patient and professional—they tried everything to help him adjust and learn. Over time, he improved so much and now speaks perfect English. The staff truly care about the children and work hard with them. I highly recommend this daycare to all parents! | I have had 2 kids attending her over the last 4 years.  They both loved it (we had so-so experiences at a previous daycare).  My kids have thrived here.  All the teachers are so loving and provide wonderful care.  They do fun activities with themes every week and set up fun holiday activities as well.  Even special mothers day parties (inviting all the moms!).  They come home with adorable art almost every day.  They also send lots of pictures which was very important for me.  We are so thankful we found glowing hearts.  Every single day when I pickup my daughter and ask how her day was, without fail she says ""it was amazing!"" or ""super amazing"".  She just graduated (going to K) and had her last day yesterday.  Today she woke up and said, I miss daycare already!",False,True,True,False,True
All my kids Ltd childcare,"1710 Harbour Dr, Coquitlam, BC V3J 5W2, Canada",5.0,14,(778) 835-6104,"Our little one attended All My Kids and we had such a wonderful experience! Ellie and the staff are incredibly kind, patient, and caring — you can really tell how much love they have for the kids they take care of. Our little guy absolutely adored everyone there and was always excited to go in the mornings. It gave us such peace of mind knowing he was so well looked after every day. The team went above and beyond to make sure he was happy, safe, and thriving. We couldn’t have asked for a better place for him to spend his days! | AMAZING DAYCARE!!! This is the BEST daycare ever and anyone would be so lucky to have their child go here! The staff that work at this daycare, Ellie, Sahar, and Arezu are the most loving, kind-hearted, patient, and understanding individuals who work closely with children and parents to ensure the child feels loved, safe, cared for, and happy. They go above and beyond and work so well as a team - my son has a special connection with each of them! As a first time mom who is new to the daycare world, returning to work after 15 months broke my heart. I was so worried about my baby boy going to daycare and I had no idea who to trust. As soon as we toured this daycare and my son met Ellie, we knew it was a VERY special place. Ellie is so experienced and knows how to connect with children from the moment she meets them! My son instantly loved playing with her. She is extremely kind, warm, and loving -- my husband and I also knew as soon as we met her that her daycare would be wonderful. During my son's gradual entry into daycare, Ellie went above and beyond by texting me videos and pictures of my son during the transition, so I always knew what was going on and that he was okay. This gave me piece of mind (she would frequently text me to update me) and I am forever grateful of the role she played in helping both myself and my son transition into our new routines. The staff all worked hard to help my son maintain his 2 hour daily nap and, in general, they are each amazing individuals who are super talented at what they do! I will always hold a special place in my heart for Ellie's daycare -- it means the world to me that I know my son is truly loved and cared for throughout the day. Thank you Ellie, Sahar, and Arezu, for the AMAZING work you do with children! Each day, my son absolutely loves going! It is also super SUPER clean, there is a large outdoor space with lots of toys for the kids, and the inside is also very spacious (there are rooms for napping, playing, and a kitchen!). The kids also do very engaging activities (sing songs, read books -- my son has learned so much!). I cannot stress enough how great this daycare is and how helpful it was to have Ellie help us every step of the way! | Our child loves going to All My Kids. He's often had so much fun that he's reluctant to leave. It's clear that Ellie, Sahar, and Arezou love the children very deeply, and have always been willing to work with us on a personalized care plan (eg: potty training). Would definitely recommend this daycare to others! | We have two children at All My Kids, and our experience has been wonderful. The staff are kind, caring, and attentive, which made it easy to feel comfortable leaving our children each day. The growth and new skills our kids bring home are truly amazing to see. We are so grateful for the exceptionally personalized care and would highly recommend this daycare to any family. | All My Kids is a great daycare! My son fell in love when he joined in at 15 months old, and runs in happy each day. The staff is truly loving, caring, and accommodating. I feel so grateful we found this one because as a parent I have never felt any worry.",False,False,True,False,True
Lavender Forest Child Care center,"979 Crystal Ct, Coquitlam, BC V3C 5X5, Canada",5.0,9,(778) 875-1551,"We couldn’t be happier with our son’s time at LAFO. We have always felt welcomed and confident that he was in a safe, nurturing, and supportive environment. The staff are incredibly kind, attentive, and truly care about the children as individuals. We will miss them greatly! | I highly recommend this daycare! The spacious outdoor playground and the clean, well-organized indoor environment make it a place where I can confidently entrust my child. They share daily photos and display the kids’ activities during drop-off and pick-up, so it's easy to see how much fun the children are having. It’s clear that the kids are happy and well cared for here. | LAFO has been such a blessing for our family. The teachers truly love and care for the children, and I feel so much peace leaving my child in their hands. The real-time updates through the app are also very reassuring and make me feel grateful every day. | My daughter was very well cared for at LAFO. The staff were kind, attentive, and genuinely invested in her well-being and development. I always felt confident that she was safe and supported, and she really enjoyed her time there. I’m grateful for the nurturing environment they provided. | Lavender Forest Daycare has been such a blessing for our family.  Erin and her staff have gone above and beyond to get to know my son and understand his unique personality. Since starting here, I’ve seen so much growth in my son. The activities are always engaging, creative, and thoughtfully planned to help children learn and explore in a fun way. I’m incredibly grateful for the dedication and love the staff pour into everything they do. It’s clear how much they care about the children, and that means the world to me. I would wholeheartedly recommend this daycare to any parent looking for a safe, supportive, and inspiring environment for their little one.",False,False,False,True,False
"1,2,3 ABC Infant Toddler","737 Poirier St, Coquitlam, BC V3J 6B8, Canada",4.9,15,(604) 931-7206,"We couldn’t be happier with our experience at 123abc! From the moment I met Alicia, Katrina, and Kristina, I felt completely reassured that my son would be in good hands. This was his first daycare experience, and I was quite nervous about leaving him in someone else's care, but they were incredibly patient and accommodating. They allowed him to settle in gradually at his own pace, with no pressure—just warmth, understanding and genuine care.  The space is always clean and well-maintained, and their covered outdoor play area is such a great feature! The kids get to enjoy outdoor play, rain or shine, without getting wet.  Alicia, Katrina, and Kristina go above and beyond to create a nurturing and supportive environment and it’s clear how much they truly care about the children. My son has grown so much since starting here and I’m so grateful for the love and attention he receives every day. I highly recommend 123abc to any parent looking for a safe, caring, and welcoming daycare! | My son has just aged out of 1,2,3 ABC Infant Toddler and I'm so sad for him to move on from this amazing experience. Alicia, Katrina and Christina were fantastic caregivers. They make both parents and their children feel safe and comfortable and always have fun activities, or new toys, songs, stories to share with the kids. What attracted me to this daycare was the amazing outdoor space! A lovely large backyard with lots of nice trees and shade, tons of good physical climbing toys and grassy play space. They have even added a good sized covered area with a rubber bottom allowing for more outside time even during wet Vancouver weather. We will miss everything about this daycare! | Both of my children attended 123 ABC Infant Toddler Daycare. The ladies are amazing and good at what they do. I felt safe sending my kids there. Alicia, Katrina and Kristina are good at relaying information to parents. They are attentive to all the kids. I would highly recommend this daycare to any parent. I’m sad my kids have outgrown the daycare. We will miss them immensely. | My daughter attended 1,2,3 ABC daycare for two years, and had a wonderful experience there. Katrina, Christina and Alicia took such great care of her and taught her so much! She learned how to share, help out, and use very polite language, such as ""What can I do for you?"" My daughter loved these teachers and talks about them all the time at home. They are very devoted to the children and communicate so well with parents too. | My little one is about to graduate from 123 ABC Daycare, and I’m having a hard time letting go! Alicia, Katrina, and Kristina are the most wonderful, loving and caring ladies you will ever meet. They give their all to the children, always looking out for them. They are great at communicating with parents, and it's amazing to see how much my child learns there every day. I feel so fortunate to have found them and for them to have accepted us with open arms. I will miss them so much!",False,False,True,False,True
Bunny's Daycare (Coquitlam),"1060 Rochester Ave, Coquitlam, BC V3K 2W9, Canada",5.0,4,(604) 377-1505,"Not a review really. Just as an fyi for folks that this daycare is closed as of April 16, 2025.",False,False,True,False,True
Happy Kids Castle Daycare,"605 Dansey Ave, Coquitlam, BC V3K 3E9, Canada",5.0,9,(672) 963-2024,"Happy Kids Castle is an excellent daycare! Meyoung and her team are fantastic, truly dedicated to the children, and they do a range of fun activities indoors and outdoors (such as music class). Although we switched daycare (only because we found a spot much closer to our house), we are very grateful for the care they provided to our daughter. | This was my daughter's first daycare at 11 months old and we are so lucky to have met Meyoung and her loving staff. They are very caring and attentive, often the first ones to notice her milestones and would give me daily updates.  I worried a lot about mealtime and naptime when enrolling my infant daughter but Meyoung and her team gave my daughter the support and comfort she needed to have a successful transition.  I also appreciate that they take the time to plan engaging activities for the kids at all different ages. I have seen tremendous growth in my daughter's development.  Although home based, the main activity area is on the ground level and very spacious and clean. The daycare hours are also very accommodating to working parents.  And most importantly, my daughter loves coming to daycare everyday. :) | I highly recommend Happy Kids Castle Daycare. The staff are incredibly warm, nurturing and attentive making it a safe and inviting environment for our son.  The daily program is well-rounded with engaging activities for learning and play including circle time, art, music, and outdoor time. The home is spacious, bright and clean with a large outdoor space. A bonus is the regular updates and photos of daily activities through facebook.  Happy Kids Castle has been a great choice us! | My son loved his time at Happy Kids Castle. Meyoung and the staff were all very engaging with him. The curriculum was varied and interesting, and I loved seeing the photo/video posts of their daily activities, in particular the music program where they would have a guest musician come and play for the kids. I would highly recommend entrusting your kids with this daycare. | Happy Kids Castle has been a wonderful place! My son loves the place. The staffs are warm and welcoming. He is lucky to have a Meyoung as his teacher!",False,False,False,True,False
Futurekids Daycare Centre,"600 Fairview St, Coquitlam, BC V3J 4A7, Canada",3.9,17,(604) 937-5212,"This daycare is dangerous. The owner did not provide my son with any  first aid after he hurt himself and had a gash on his head. She didn’t want to touch him “ in her words” there has been many occasions where my son has been hurt and nobody has told me!! This place needs to be SHUT DOWN!!!! This place is NOT SAFE FOR CHILDREN.  please look for a better place.   They hire people with little knowledge of ECE and people that don’t understand english. Protocols are not being followed !! | I’m so happy with the care and attention my child gets at Futurekids Daycare Centre. The staff are kind, professional, and really take the time to focus on each child’s needs. They’ve created such a warm and welcoming environment where kids feel safe and excited to learn. The activities are fun, well-planned, and perfect for their age. I’ve seen a big improvement in my child’s confidence and communication since they started here. I highly recommend Futurekids Daycare Centre to any parent looking for a caring and supportive place for their child. It’s been a great experience! | I had a very disappointing experience at Futurekids Daycare. The only strategy I observed was the 'Gummy Bear' approach, which seemed ineffective. Some teachers raised their voices at the children, and there was a noticeable lack of discipline. Unfortunately, bullying incidents were not properly mediated by the staff. Additionally, the cleanliness of the facilities was subpar, with dirty kitchen sinks and washrooms."" | My son has been attending Futurekids daycare for 2.5 years. I always feel secure in knowing that he in capable hands. The staff are very friendly and communicative. They provide lots of fun time and learning activities every day. They teach responsibility and respect towards one another. A nice air conditioned environment with a wonderful park for daily play just outside the door. At the end of each year, the kids take home a binder full of photos and learning activities so that you can see what they have been up to all year.  You couldn't ask for anything more for your youngster. Now my son is moving onto the next phase of his life. Kindergarten! I am confident that he is well prepared for his new adventure thanks to Futurekids daycare! | We are so happy we sent our daughter to Future Kids. The staff there are genuinely loving and caring, so we felt safe leaving our daughter with them. If she was ever struggling socially with the other kids, we approached the staff and talked to them about it and they always took steps to ensure the situation was dealt with and that our daughter felt good going there. She spent about a year and a half at Future Kids before starting kindergarten and in that time learned a lot, including how to write the alphabet, her name, etc. I would highly recommend Future Kids to anyone looking for a safe, loving and educational environment.",True,True,False,False,False
Glen Childcare Centre,"2977 Glen Dr, Coquitlam, BC V3B 2P7, Canada",4.8,68,(604) 618-8303,"I’m extremely happy with Glen Childcare Centre! The teachers are incredibly caring, attentive, and truly love the children. The educational program is well-structured and full of engaging activities that keep the kids excited to learn every day.  My daughter has grown so much since joining — not only academically, but also socially and emotionally. I’m especially impressed with how quickly she started speaking English with confidence.  Highly recommend this place to any parent looking for a warm, supportive, and effective early-learning environment! | Glen Daycare is a very professional institution that my children like it very much. My eldest child completed her three to five-year-old course here. Although day care is to take care of children, Glen Daycare is much more than that. My child has learned a lot of knowledge here. For example, this month, there will be a teaching theme in the form of storytelling, designing geography, the stars, plants, and even some tours of surrounding institutions, such as fire stations, libraries, shopping malls, and supermarkets. What makes me more relieved is that my child likes every teacher here very much, yes, every one of them. Her liking is not only expressed in language, but I also observe that their body language expresses trust and liking. From a psychological perspective, this cannot be taught, especially for such a young child. I will see my child hugging and holding hands with the teacher when sending her to school, and often sticking to the teacher during class time. This is why I feel more at ease to let her go to school here. I also want my second and even third children to continue to let them complete their day care studies here. I hope Glen Day Care will do better and better and provide better day care education for the community. | We are very happy with Glen Childcare and would recommend it to every family that are looking for positive safe environment for kids to grow and learn. My daughter enjoyed going to the daycare every morning and was looking forward to all the interesting activities. Teachers are always so creative and prepare tons of fun and educational things to do. I also like that there are traditional yearly field trips - like Pumpkin patch or salmon hatchery - which make great memories! Glen Childcare centre has very kind and caring educators and a professional manager who is always easy to reach and communicate with. | I transferred my 3 years old daughter to Glen from other daycare because glen let kids to learn from community and social activities. their programs have so many topics that belong to daily life, or what happened in our society, in the world. Kids like my daughter then believe she know everything😅 and obviously talk to me more. She graduated this June, and really enjoy daycare life in the past 2years. Of course teachers in the Glen are amazing, they are professional, patient, humour and responsible to every kid. | Absolutely thrilled with our experience at Glen Childcare centre! Our son has flourished since he started at age 3. He adores his teachers and often begs to stay longer because he's having so much fun. The interactive curriculum and exciting field trips keep him engaged and excited to learn. But what truly sets this daycare apart is the love and kindness they show to every child. It's truly unexplainable and heartwarming. We couldn't be happier with our choice and highly recommend Glen childcare centre to any parent looking for top-notch care for their child!",False,True,True,True,False
Bright Beginnings Infant/Child Care,"1393 Austin Ave, Coquitlam, BC V3K 3P6, Canada",4.5,23,(604) 613-1022,"My daughter just transitioned to another daycare because she’s almost 3, but before that, she attended BB, and I would recommend this place with my eyes closed!  Suzie is incredible knowledgeable about children and has built an amazing team around her. This is one of those places where you feel your child will not only learn but also be truly loved and cared for.  My daughter started here when she was only 9 months old, and thanks to the team’s kindness and patience, she adapted so quickly. Now that we’re going through the transition to a new daycare, I realize how high the bar has been set. The first few days were tough, and we even reached out to Suzie for advice- she was so responsive and supportive, even though we were no longer at BB!  I’m so grateful that this was my daughter’s first daycare experience. It gave us such a peace of mind, and truly couldn’t trust another place more. | I had been searching for quality childcare for a long time. Since I was pregnant, I had been on several waitlists, but as a parent of twins, I struggled to find suitable care.  I connected with Suzie through a Facebook group last summer, and she had two spots available. The twins adapted quickly and enjoyed going to daycare. They learned their favorite songs, spent time outdoors, played with toys, and engaged in crafts. Their language skills developed significantly during this time. We attended full-time for seven months, and overall, the daycare experience was positive.  However, about once a month, I would receive a phone call or notification reporting that the children had a fever, a rash, a runny nose, or red spots.  In April 2025, I questioned Suzie about this, as neither of my children was exhibiting any symptoms. Despite this, she insisted that they be picked up, and her response was angry and frustrated. Within 24 hours, we received notice of our termination. According to her policy, she was supposed to provide one month's notice, leaving us scrambling to find alternative childcare.  If you are a parent seeking childcare in the Tri-Cities area, I recommend looking elsewhere to avoid potential headaches. Unfortunately, Suzie has allowed her personal issues to impact her business.  Her business has a D+ rating on the Better Business Bureau, and Fraser Health also has an open file regarding her daycare.  If you are a parent I would seek legal advice before proceeding to review her contract details. | Our twins have been attending Bright Beginnings for almost a year now, and we couldn’t be more grateful. After a previous daycare experience that didn’t go well, we were terrified to try again. But Suzie went above and beyond as she accommodated an extended gradual entry and cared for our children so thoughtfully that they adjusted within just two weeks.  Their illness policy has always been more than fair, and we truly appreciate how communicative and caring they are. It’s clear that they always put the child’s well-being first, exactly what every parent hopes for in a daycare. | Both my kids attend(ed) bright beginnings. The staff are outstanding: attentive, super caring, and positive. Both my kids loved it here and I have never needed to worry about their safety or wellbeing. Suzie was also amazingly supportive of me when I was a new parent. I’ve lost count of the long conversations we’ve had where she patiently listened and guided me. Will be forever grateful. | Our twin boys attended this daycare for one year from the time they were 2 to 3. Upon meeting with Suzie for the first time I knew I wanted the boys to go to Bright Beginnings because of her warm and gentle demeanour. The kids are turning 4 next month and still talk about all the fun they had at Suzie’s daycare!  They were sick a lot from the time they were 2-3 (as kids usually are, then double it with twins). However, Suzie always followed the policies that were highlighted in the handbook provided.  Suzie is a very kind individual and I highly recommend choosing Bright Beginnings for your childcare!",True,False,True,False,False
Lil' Grownups Daycare,"947 Blue Mountain St, Coquitlam, BC V3J 4S9, Canada",5.0,1,(778) 960-8652,,True,False,True,False,True
Como Lake Kids Village Daycare,"825 St Laurence St, Coquitlam, BC V3J 6G7, Canada",4.8,39,(778) 998-4747,"Response from the Owners:  We take great pride in providing a safe, nurturing, and enriching environment for all the children in our care. We are disappointed to see two negative reviews from the same family, as they do not reflect the quality or reality of our daycare program.  To clarify a few points:  The two owners, now 72 and 74, are no longer part of the teaching staff ratio. Their roles focus on administration and ensuring the centre is well supplied and maintained.  Our staff-to-child ratios always meet — and often exceed — the standards required by licensing regulations. Our teaching team is highly experienced, with one staff member of 10 years, another of 9 years, another 3 years and another 2 years, along with a new educator who joined when a teacher left on maternity leave.  Occasionally, practicum students join us to gain required hands-on experience, as is standard in all licensed childcare centres. They are never included in our licensed staff ratio.  Children at our centre enjoy outdoor play twice a day in our secure, well-equipped playground. When weather does not permit, we have access to a large indoor gym. Our daycare offers a wide variety of toys, games, and learning materials, and our weekly themes include art, music, and circle time to support children’s social, emotional, and academic development — fully preparing them for kindergarten.  Our premises are rented from a local church, which oversees the maintenance of the building, including the washrooms. The church can confirm that all facilities, including the washrooms, are kept in good working and sanitary condition.  We have proudly served the community for almost 20 years and have maintained long-standing, positive relationships with countless families. In this particular case, we made every effort over the course of a year to support a child experiencing significant behavioural challenges, working closely with the child, the parent and medical professionals to help the child adjust and succeed. Ultimately, for the well-being and safety of all children and staff, we determined we could no longer continue care.  We remain deeply committed to maintaining a high standard of care and a positive, supportive environment for every child and family at Como Lake Kids Village. | This daycare was an absolute blessing for our family. From the moment we walked in, we felt welcomed and at ease. The staff were incredibly caring, patient, and attentive, and it was clear they truly loved and cared about each child. They took the time to understand every child’s needs and made sure they felt safe, supported, and happy. The environment was clean, nurturing, and full of positive energy. I loved knowing my child was in a place where she was respected, encouraged to learn, and cared for like family. I highly recommended this daycare to any parent looking for a loving and trustworthy environment for their child. My daughter was 30 months old when she started Kids Village Daycare, and she missed all the staff when she left. From past experiences with other daycares, none of them compared to Kids Village. | We had such a wonderful experience with this daycare. The teachers truly care for the children and provide great care every single day. During the two years my child attended, I always felt completely at ease knowing he was in such good hands. All of the staff bring such positive energy and have a genuine love for the children. It is a very warm place, and I could see how much my child was loved and supported throughout his time there. We are so grateful for everything this daycare has done for our family. I would highly recommend it to anyone looking for a caring and supportive environment for their child. | I had both of my children enrolled at Como Lake Kids Village Daycare, and our overall experience was very positive. From the very start, Jo-Ann and the rest of the staff made an effort to connect with each of our kids on a personal level, which made us feel confident that they were in good hands. The caregivers were consistently warm, attentive, and professional. The owners, Betsy and Pat, were also very involved and approachable, which further increased our trust in the daycare.  The daycare environment was clean, well-maintained, and thoughtfully set up to meet the needs of all the children. Both of my kids thrived thanks to the variety of activities, the balance between structured learning and creative play.  Even when adapting to new teachers, Jo-Ann and the team always approached things with patience and professionalism.  Now that both of my children have moved on, we look back on our time at Como Lake Kids Village Daycare with a lot of gratitude. It gave them a strong start and a safe, nurturing place to grow. We wouldn’t hesitate to recommend it to other families looking for quality childcare in the area. | This daycare is the absolute best! My kids (twins) attended here from ages 3-5. The staff here always made a point of working with our family as team to support my kids. Everyone was great to work with and we had great communication from the daycare, which helped us be consistent at home with expectations. Both of my kids flourished during their time at Como Lake Kids and were Kindergarten-ready upon leaving. They loved all of the art projects and really enjoyed playing outside in their little playground. They enjoyed the selection of toys and the dance parties! They also loved all the little special days that the daycare organized, like their car wash day and camping day! I really felt like the teachers at this daycare got to know each of my kids as individuals and made them both feel cared for and successful. They loved going every day and, even almost 3 years later, they still talk about their favourite teachers from Como Lake Kids! Highly recommend!",False,True,False,True,True
Play2Learn Child Care Centre,"2421 Mariana Pl, Coquitlam, BC V3K 6R3, Canada",5.0,22,(604) 724-3319,"I can not say enough good things about this daycare! The owner is absolutely amazing, so responsible, professional, hardworking, and above all, incredibly loving and caring. You can tell right away how much heart she puts into creating a safe and nurturing environment for the children. The atmosphere is warm and welcoming, and the children truly thrive here.  There are endless activities to keep the children engaged and learning, almost never a dull moment! From creative projects to fun games, everything is thoughtfully planned out. The outdoor space is a huge bonus, giving the children room to play, explore, and enjoy fresh air every day.  If you are looking for a daycare that feels like a second home, where your child will be loved, cared for, and supported, this is the place. Truly one of the best decisions any parent could make. | I had the privilege of being Wafa’s student for almost two months, and during that time, I had the opportunity to observe her in action every single day. What stood out to me the most was her deep love and care for every child she works with. She treats each child as if they were her own, offering them the kind of attention, affection, and patience that truly helps them thrive. Wafa has a remarkable ability to teach children independence while nurturing their confidence. It’s no surprise that all the kids adore her. Her passion for their well-being is undeniable, and it’s clear that they feel safe and loved in her presence. I highly recommend Wafa’s daycare! She creates a clean, friendly, and loving environment where children can flourish and feel at home. Her dedication to them is truly inspiring, and I’m grateful for the opportunity to witness her exceptional care firsthand. | It was the best decision we made when we switched our toddler to this daycare. Our previous caretaker was kind and generous but Wafa is beyond that. She and the daycare environment has helped improve my toddler's not so good behaviour in just a few short weeks and help nurture many new skills he never displayed.  If you want someone who would love your child, strive to help your child grow, and want to stay in an intimate learning environment, this is the place. | Here’s an updated review with more focus on Wafa:  We couldn’t be happier with our experience at Play2Learn Daycare! Wafa, the owner and teacher, is truly exceptional. She has a natural gift for working with children, and her warm, caring approach makes the daycare feel like a second home. Wafa is not only dedicated to providing a safe and nurturing environment but also incorporates fun, creative learning activities that help the kids grow and thrive.  Our child absolutely adores her and is excited to go to daycare every day. It’s clear that Wafa genuinely cares about each child’s development and takes the time to understand their individual needs. We feel incredibly lucky to have found Play2Learn and highly recommend it to any parents looking for a loving and supportive daycare. | Our son attended daycare with Wafa for almost 2 years. She is so loving and caring towards all the children in her care. Our son loved going to daycare daily and we were heartbroken to leave her care when we moved. I highly recommend Wafa and her daycare to anyone!",False,True,False,False,False
Safe Garden multi-age licensed home daycare,"606 Denton St, Coquitlam, BC V3J 3V8, Canada",5.0,3,(778) 858-9465,"This daycare is wonderful.✨ My child is almost 18 months old, and since it’s a multi-age class, the older children are very kind and supportive. My child is learning so much at daycare thanks to them. All the kids are truly kind-hearted.  Although my child moves around three times more than others, the owner, Chonon, and the teachers are always there to support us.  There are many activities that nurture both mental and physical well-being, making it a great environment for children. They also have craft time, offering experiences we couldn’t easily do at home.  Compared to other daycares, the price is a bit more affordable, and it’s run by a kind and caring owner.  I’m truly grateful to have found this daycare. | Our family loves this daycare and we are so glad we were able to enrol our son here. He is so so happy to see his friends and play with Ms Chonon every day. We suspect that he might enjoy it here more than he does at home.... You couldn't ask for a more caring and loving place to entrust with the safekeeping of your child. | My kids love Ms Chonon. She provides them healthy meals and updates parents on the app. She is patient and treats my kids like hers.  She speaks several languages and expose kids to those which is amazing. My son enjoys learning French!  Big safe backyard for the kids to play and explore.  Lucky we have found her - we could nit ask for more!",False,False,True,False,True
Green Apple Daycare,"1504 Sprice Ave, Coquitlam, BC V3J 2P6, Canada",4.0,34,(604) 218-3417,"We've been part of the Green Apple Daycare community for almost two years now, and it's been such a positive experience for our family. The communication from the staff is always clear, and their friendliness makes drop-offs a breeze. Every morning, we’re greeted with smiles, and there's always a creative craft or activity ready to go—such a thoughtful way to start the day.  The daycare places a strong emphasis on outdoor time, with two outdoor sessions daily(one in the AM and one in the afternoon) throughout the year and even more during the summer. In the warmer months, they take the children on walking field trips to nearby parks and plan a variety of outdoor activities that my son absolutely loves.  Over his time there, my son has built beautiful friendships and developed strong bonds with the caring staff. Throughout our daycare journey, the team at Green Apple has consistently been kind, supportive, and incredibly communicative. I am so grateful for everything they do to make our family feel welcome and comfortable. | Green Apple Coquitlam has been a wonderful experience for our child. The days have been filled with activities, including lots of art and outdoor time The teachers have been very supportive, caring, and accommodating of our needs. Three years there has been a tremendously positive experience for our son and we would highly recommend this Daycare. | My son attended from September to March.  In 6 months time the kids never went for a walk, to the park, a field trip.   They did not leave the daycare.    Of the four caregivers, there was one that was caring, attentive, and could communicate with parents questions or concerns.   I would not recommend this daycare to any parent for their children | I’m very grateful for the care and support my child has received at this daycare. The staff is knowledgeable, patient, and experienced. Their structured approach has made a real difference in my child's development. I highly recommend this daycare to any parent looking for a nurturing and supportive environment.” | My son had a great time at Green Apple Daycare. He really enjoyed all the teachers, activities and the amazing backyard. They also were really helpful with the potty training. I would definitely recommend this daycare.",False,False,True,False,False
Hellokids Childcare Centre,"1020 Ridgeway Ave, Coquitlam, BC V3J 1S5, Canada",3.6,98,(778) 355-6060,"I feel very grateful to the daycare where my two little ones are, as I can see them happy and enjoying their time there.  I also want to thank Sou for all her support. It means so much to see their effort in improving and integrating activities and toys that positively contribute to our children development. On top of that, Sou is such a wonderful person from whom I’ve received valuable information and true empathy as a women and mom. | My son has been attending Hellokids Centre for 18 months and we couldn’t be happier with the care and attention he receives.  The owner is very kind and supportive, the staff are warm, friendly, and truly passionate about working with children. They create a nurturing environment where my son feels safe, supported, and excited to go every day. I’ve noticed as well a lot of growth in his communication, independence, and social skills since starting here. I really appreciate the regular updates and photos from the staff to keep parents connected and updated. The centre is always clean, well-maintained, and welcoming. I highly recommend Hellokids Centre to any parent looking for a trustworthy and caring daycare. | Hello Kids Daycare is truly wonderful!🙂 The teachers are so warm, caring, and professional. My child has learned so much and feels very happy and comfortable there. The daycare is always clean, organized, and full of positive energy.  A special thank you to the manager for being so kind, supportive, and professional. She truly cares about the children and parents, and always makes sure everything goes perfectly.  I really appreciate the whole team for creating such a loving and safe environment for the kids! 💕 | The level of professionalism and care at this daycare is outstanding. The team goes above and beyond to create a safe, nurturing, and stimulating environment. The facility is always clean and well-maintained, and the programs are thoughtfully designed to support early learning. As a parent, I feel confident knowing my child is in good hands. Their growth in language, social skills, and independence since joining has been remarkable. I highly recommend this daycare to anyone looking for a trusted place for their child. | Amazing daycare! The staff treats every child like their own, and it truly shows in the happy faces of the kids. My child has learned so much — from basic skills to building strong friendships. They make learning fun through creative activities, outdoor play, and hands-on exploration. I really appreciate how welcoming and supportive the educators are. If you’re looking for a daycare that feels like family, this is the place!",True,True,True,True,True
Sun Fun Childcare Centre,"2648 Sandstone Crescent, Coquitlam, BC V3E 2T8, Canada",5.0,35,(604) 945-8901,"We couldn’t have chosen a better daycare for our daughter than Sunfun Child Care in Coquitlam. She attended Sunfun Child Care for a year and half, and the experience truly exceeded our expectations. The owner Saeideh has deep understanding of what is required for child's overall development and accordingly she has scheduled the well-structured daily activities that strongly support learning, routine, and overall child development. We especially appreciated the engaging French classes, which provided a great early introduction to a second language, and the outstanding music teacher, who made learning fun and enjoyable for the children. Whole day fun and learning activities are shared in a group chat. Overall, Sunfun Child Care is a well-organized, trustworthy daycare that we highly recommend to parents in Coquitlam. The senior staff member Farideh and caretakers are exceptionally caring, loving, and kind-hearted, creating a safe, warm, and nurturing environment where children feel comfortable and happy every day. My Daughter love to see her friends and always look for Farideh as she is so attached to her. We moved out of province so my daughter has to leave else there was no reason for me to move my daughter out from Sunfun Child Care : it’s a heaven for kids!! | We have had a really positive experience at Sun Fun Childcare Centre. The teachers are incredibly caring and affectionate, and they made our 1-year-old feel comfortable right from the start. His transition was smooth, and he loves going to daycare.  We especially appreciate the music classes, fun and engaging activities, and the good balance of indoor and outdoor play. The team also shares photos and videos through the Telegram app, which helps us stay connected and updated throughout the day.  It is very reassuring to know that our son is in such a safe and warm environment. I would definitely recommend this daycare to other parents. | We’ve had such a wonderful experience sun fun child care center !  My son looks forward to daycare every day, especially excited to see the familiar faces of the team.  The facilities are always clean, and the setting is just adorable – it creates such a warm, fun and welcoming environment for the kids. Communication is excellent, too – they have telegram chats to keep you updated with anything you may need to know.  We are extremely happy with sun fun child care center and would highly recommend it to any parent looking for a nurturing and reliable daycare with the most lovely team! | My daughter started at Sunfun Daycare when she was 17 months old, and our experience has been absolutely amazing. From day one, the staff was warm, caring, and attentive, making the transition smooth and stress-free.  The daycare provides a safe, engaging, and nurturing environment where children can learn and grow. The activities are well-structured, and I loved how they balanced playtime with learning opportunities. The caregivers genuinely care about the kids, and it shows in how happy and comfortable my daughter was every day.  I highly recommend Sunfun Daycare to any parent looking for a loving and supportive place for their child. It has been a fantastic experience for us! | Sunfun has been the perfect second home for our 2 children and it will always hold a very special place in our memory and their upbringing.  Saideh & Farideh have been such fantastic “teachers” (as our kids say). So many fun activities and a constant care for their development.  They always felt safe & loved.  Highly recommend to anyone looking for daycares in the area. We’re very sad to see our kids move on!",True,False,True,False,False
Little Butterflies daycare,"2773 Barnet Hwy, Coquitlam, BC V3B 7A1, Canada",4.8,22,(604) 474-0505,"Nursery Rhymes is an excellent daycare and we feel so lucky to have a safe and positive environment to drop our kids off at each day. My daughter has been there for the past 4 years and my son for the last 2 years. The staff are kind and caring and have gone above and beyond to ensure that my children's needs have been met. There is a great balance of structure/programming and play and I can see that both my children are learning and getting prepared for Kindergarten while still having fun.  I would highly recommend this daycare to anyone who was looking. | My daughter has attended this daycare for the last year and I will be sending our youngest after my mat leave. I was very apprehensive to leave my oldest with anyone, as a new mom I experience severe separation anxiety, and Nursery Rhymes was the only place I looked into where I was even a little bit comfortable leaving my child. The staff are amazing, you can tell everyone who works there wants to be there and that they care about my kid. They keep me informed of how she's developing academically and socially and I love that I can check in with the HiMama app during the day. Nursery Rhymes is also one of the more  affordable daycare's in the area and their facility is well equip and well maintained.  Furthermore, I just wanted to say the protocols that they put in quickly and effectively during the COVID-19 crisis were above and beyond what most other daycare's were doing at the time, and made me as a parent feel comfortable sending my child back when the time was right. I could say a million more positive things about Nursery Rhymes and their staff, but I guess it comes down to the fact that I can trust my kid is safe and cared for when they are there. | We have had both our daughters attending Nursery Rhymes since they were a year old. Both my girl's have enjoyed going to this center and we have always felt supported and our children cared for. Management is great and keep us informed with the monthly tasks as well as throughout the day the staff sends us pictures of the activities our children are doing. My girls are really attached to the staff and they are like family to them. I am a very cautious parent and dropping my children off at nursery rhymes I have never felt uncomfortable in the over 5 years we have been going there. The facility is always clean and I really like that they have a playground for the children to use. I have and will continue to recommend this center to my friends as a friendly and safe place to leave their precious little ones. | My twin sons attended Nursery Rhymes from ages 3-5. Personally for me, never during our time there have I witness anything but genuine care, compassion and professionalism from Mike, Devon and the other staff members. I never once had an ounce of concern leaving the boys in their care. You can see that Mike and the staff at Nursery Rhymes truly enjoy what they are doing and love all the children in their care. I loved getting the daily/hourly updates from HIMAMA - it was something I looked forward to and allowed me to see that the boys were thriving there. We to this day still keep in touch with Mike and have stopped by to say hi to the staff. The boys still fondly remember their time there and always ask to visit. I would highly recommend this place to anyone looking for childcare. | Nursery Rhymes is an environment where my kid gets to spend time with his peers in a supervised and safe environment. He had a hard time in the beginning, but his teachers have done a great job. My son has made connections with the staff and the staff are always willing to do what they can for the families.",True,True,True,True,False
Caterpillar Montessori Daycare,"599 Chapman Ave, Coquitlam, BC V3J 4A2, Canada",5.0,8,(604) 936-0718,"My son has been going here for nearly a year. It is our first experience with daycare and I am very impressed. The teachers are amazing! The kids do so much fun stuff and learn so much. I have seen such a difference in his skills and language development. The centre is very well run and clean and knowing that my child is well cared for brings me such peace of mind. Miss May and Miss Stephanie are like family. They are the kindest sweetest people i have ever met and my son loves them sooo much that he asks for them all weekend as runs to hug them Monday morning. ❤️ | I know Miss May since my girl was 2.5 years old, when she uses to work another Montessori school. All teachers at that school, my girl loves Miss May the most. I always believe kids know who love them the most, they are more easier to tie up with someone spending time and taking care of them.  Right now my girl goes to elementary school, Miss May is her before/after school care and also her Mandarin teacher. It’s such a time saver, I don’t have to send her to Mandarin school.  They are providing lunch and snakes if you drop your kids whole day there, thus I only pack her water when I drop her there on her Pro D Day. A lot parking there, they are located a really quite street.  The best teachers there, I highly recommended!!! | Very positive experience with this daycare. My kids love Ms. May and Ms. Stephanie. They are very welcoming and I feel like they love the kids they take care of and treat them as their own. The daycare is always clean and they always have fun activities for the kids. They have fun themes each month and they provide healthy food that my kids actually enjoy. I am lucky to have found them. I am not scared of leaving my kids anymore. (I was when they went to this other daycare that didnt really take good care of them) I rarely give reviews but they deserve 5 stars! Only thing is they close whole month of August and since I had them, I don't think there's another daycare that I would let my kids go to or could pass my expectation. Love, love, love this daycare! | My girl like it here very much, the environment is nice with nice garden, kids enjoy here. The teachers are so nice and patient. I highly recommend it. | Very good teacher, ms May is very patience to young kid",False,True,True,False,True
Teddy Bear Friends Childcare,"1883 Walnut Crescent, Coquitlam, BC V3J 7T3, Canada",5.0,9,(778) 867-3732,"We’re so happy with Teddy bear friends childcare! This is the first childcare that made me feel truly comfortable as a mom. Noushin is amazing—kind, patient, and truly care about each child. My daughter always comes home happy, learning new things, and excited to go back the next day. We’re so grateful for such a warm and nurturing environment. Thank you. We truly recommend it. | Noushin and Sarah took incredible care of my toddler while we were with their daycare. They were patient, nurturing, and created such a warm, loving environment that my child absolutely thrived in. Noushin even baked a cake for my son’s birthday and kept an entire birthday party for him at no extra charge to me.  Even after we left, Noushin remained close to our family, which speaks volumes about the genuine care and connection they build with the children and parents. We’re so grateful for them! | My son was in this daycare for over a year. After a bad experience with a previous daycare, we put a lot of effort into choosing a new one — and this one was the best. He truly thrived here, and I’m so grateful to Noushin for creating such an amazing environment for little ones. We loved it! ❤️ | My child absolutely loves going to Teddy Bear Friends Childcare! Noushin is so warm, patient, and genuinely cares for each child as if they were her own. The environment is always clean, safe, and full of fun learning activities. I’ve seen so much growth in my child’s confidence and social skills since joining. I feel truly at peace knowing my little one is in such loving hands. Highly recommend this daycare to any parent! | Teddy Bear Friends Childcare was such a wonderful first daycare experience for our family. My son started there at just over a year old, and as a first-time mum, I couldn’t have asked for a more caring and supportive environment. Noushin and her team are incredibly kind and patient, taking the time to make sure both the kids and parents feel comfortable. She shared photos and daily updates, which helped us feel connected and gave a little glimpse into his day. The space feels homey, and the care feels genuine. Noushin was always great at communicating and worked closely with us to make the transition smooth, being flexible with making adjustments. We’re so thankful for the loving start our little guy had at Teddy Bear Friends.",True,True,False,False,False
Little Rainbow House Preschool & Daycare,"700 Clearwater Way, Coquitlam, BC V3C 6A3, Canada",5.0,11,(604) 945-2727,"This preschool is absolutely magical. My son is so excited to go to school everyday. The teachers are amazing with the children and the work sheets, arts and crafts my son brings home everyday are just amazing. We have loved our experience and I highly recommend. Thank you Little Rainbow House for all that you do for our kids and us parents. | As an educator and parent, I was more than happy with LRH preschool!  The quality of the program and the  overall ""feeling"" of the school was above and beyond my expectations.  I was particularly fond of the caring and nurturing teaching staff.  Thank you!  Social and emotional learning was at the forefront of their teachings as a complement to the academics portion which, my 3 year old,  really needed at the time.   I highly RECOMMEND LRH :) | There been huge change in my daughters communication and interacting with other kids in LRH from September to present. I am very grateful of teachers Marshneil, Inga and Nehad for making my daughter welcomed in LRH along with working very well to bring out the positivity in her. My daughter speaks highly of all her teachers and looks forward to going to LRH. It's definately worth a drive from surrey to coquitlam to attend LRH three times a week. I cannot wait for my son to turn 4 soon as he will be attending LRH as well. Thank Marshneil, Inga and Nehad for your amazing work with my daughter | My 5-year-old went to LRH after our family moved to BC. New to the surrounding, she received a lot of care and love from the teacher. A very good place for the kids, teachers are nice, activities are fun. | This is the best place I could ask for my son! He is only been here for three days and I can see how excited he is in the morning to go to school!. The whole team , staff and environment is great for kids to start their new chapter in life. Being on a year wait list was def worth it.",False,False,True,True,True
Story Place Childcare Centre,"2558 Peregrine Pl, Coquitlam, BC V3E 2C4, Canada",5.0,13,(604) 364-7191,"My daughter attended Story Place for two and a half years, and I couldn’t be more grateful to Delaram. She is kind, patient, and truly passionate about what she does. The balance between free play and learning was perfect, and I saw so much progress in my daughter’s creativity, knowledge, and emotional growth. Delaram always makes holidays and birthdays special, and my daughter absolutely loved going to daycare every single day — even asking during holidays when she could go back! She treats each child as an individual and supports both kids and parents with care and understanding. We always felt like a team helping my daughter grow and prepare for school. I’m so happy that, when searching for a daycare, I found this one. Thank you so much, Delaram, for everything! | This home daycare is truly exceptional! Our daughter began her journey with Delaram before turning two, and now she's graduating. We are incredibly thankful for the warmth, engaging curriculum, and the immense joy she brings to each day for her students. | Story Place made such a meaningful impact on our family, and we are wholeheartedly grateful to Delaram for the care she provided to our son!  What truly set Delaram apart was her patience and ability to build genuine relationships – children adored her. She didn’t shy away from challenges but worked through them with thoughtfulness and consistency. When our son went through different (sometimes difficult) stages, Delaram guided him and us as parents with practical advice, resources, and encouragement. She created an environment where every child flourished, nurturing both learning and character. Over those years, we watched our son grow into a socially confident, compassionate, curious, and open-minded person. | We are incredibly grateful to Delaram at Story Place for the exceptional care she has provided for our son over the past two years. From day one, Delaram welcomed us warmly, creating a nurturing environment where our son thrived.  Delaram is dedicated and compassionate, always giving personalized attention. Her engaging and educational activities have significantly fostered our son's development in social skills, creativity, and confidence.  Communication has always been clear and timely, giving us peace of mind. The facility is well-maintained, providing a safe space for learning and play.  We highly recommend Delaram to any parent looking for a loving and enriching daycare experience.  Thank you, Delaram, for making such a positive impact on our family! | Delaram was one of our daughter's Montessori daycare teachers and an absolute favourite of the whole family. She was the kindest and most wonderful caregiver we could have hoped for! Delaram is knowledgeable and capable leader who understands children well and always provides clear guidance with lots of support and smiles. She is loving, passionate and funny, and kids absolutely adore her! She is also very approachable. I appreciate our chats and all the feedback and advice she provided about my daughter. I wholeheartedly recommend her and I am confident that her new daycare will rise to the highest standards.",True,False,True,True,True
L & Friends Childcare,"2025 Regan Ave, Coquitlam, BC V3J 3C3, Canada",5.0,7,(604) 363-9084,"Teacher Luvi is wonderful. She is full of energy and has great ideas. There has never been a dull moment at her daycare. Our daughter has always felt safe and cared for. She has always been happy to go I highly recommend her daycare. | Teacher Luvi is a wonderful, caring, hardworking early childhood educator. She created a safe, supportive, and fun second home for both my children. Highly recommend her if you’re in need of that special kind of care for your kiddos. | My husband and I are so thankful for this amazing daycare. Our daughter has been with Teacher Luvi since Nomember 2023 at the previous location. Teacher Luvi provides a safe and nurturing environment for all the kids. We are in the process of potty training and Luvi has been supporting our daughter with this new routine and helping her overcome her fears. We are grateful and trust that our daughter gets the care that she needs here from teacher Luvi. Highly recommend L & Friends! | My 2.5-year-old daughter got a spot at L & Friends back in April. We had previously been with an infant and toddler daycare, but after recently moving to Burquitlam, we had to quickly find a new option in the area. We feel incredibly fortunate to have found L & Friends through Facebook. From the initial communication to touring the site, everything went so smoothly.  The facility is clean, well-organized, and thoughtfully maintained. Luvi was warm, accommodating, and took the time to patiently answer all my questions right from the start. Our toddler adjusted effortlessly from day one, she quickly grew to love her new friends and embraced the structure that Luvi has created at the daycare.  It’s been wonderful to watch her thrive and interact so respectfully and affectionately with children of all ages, from the littlest ones up to the 5-year-olds. What truly sets L & Friends apart is Luvi’s hands-on approach and her thoughtful balance of nurture, play, and age-appropriate instruction, all while showing great care for the environment.  If you’re looking for a loving, structured, and engaging space for your little one, I can confidently say, you won’t be disappointed! | I confidently recommend Luvi’s childcare, speaking from our wonderful experience. I have always been cautious/nervous about finding the “right” daycare and I’ve toured a lot, from franchised ones to family homes. We were so lucky to have found Luvi. Our son was in her care for the past year and a half. He was so happy to go to daycare each day, it was a struggle to get him to come home! Luvi is genuinely a kind and loving teacher. She is energetic, creative and nurtures each child from her heart. Luvi truly cares for the children. I know this by how much my son misses her. He often talks about her :) How happy the children are speaks volumes about the teacher’s character. I really appreciated our time with Luvi. Wish her all the best in her new childcare.",False,False,True,True,True
All Bright Early Learning Center,"706 Linton St, Coquitlam, BC V3J 6K5, Canada",5.0,4,(778) 859-8010,"My girl Iris spent a very happy seven months here, but we had to leave because of moving. I really appreciate Ms. Rosa, the manager of this daycare. She is always so enthusiastic and patient! Iris likes her very much and always say that she wanna go daycare to play with Ms. Rosa. She always show us lots of energy when we send and pick up our little girl! I believe she has Iris looking forward to going daycare and staying with her! The owner Ms. Diana and Mr. Wesley also gave us great support. I really appreciate! And I would also like to thank Ms. Zara, Ms. Jenny and Ms. Sanna for taking great and patient care of Iris! Wish you all the best!! Highly recommended to this wonderful place! Please do not hesitate to join this daycare, your children will enjoy here and spend a great time for sure!! | Our daughter attended this daycare from its opening until she aged out. We were initially very concerned since it was her first experience in daycare, but the loving care from the teachers made all the difference. Our daughter never once expressed a desire not to go; instead, she often wanted to stay and play longer when we picked her up. The facility was always clean, which contributed to our child rarely getting sick during her time here. (which is really important for the working parents!) Teachers actively supported potty training, making the process smooth and stress-free. It was also convenient that snacks were provided, so we only needed to pack a lunch. Diana, the owner, was always quick to respond to any inquiries, and I appreciated being able to have ample conversations with the teachers during drop-off and pick-up times without feeling rushed. Additionally, Ms. Rosa, the manager, greeted both children and parents with a warm smile, and her bright energy was truly wonderful. Overall, we had a fantastic experience, and I highly recommend this daycare. We miss you Ms. Rosa and Ms. Jennie! | My daughter, Eva, attended All Bright Early Learning Center for about a year, and she had an amazing experience. Ms. Rosa, in particular, is the best teacher I’ve ever known—always positive, bright, and incredibly caring toward the kids.  Eva always looked forward to seeing her teachers and friends every morning. The teachers created such a warm and welcoming environment, not only for the children but for us parents as well. The personal attention and care they provided made a huge difference, and Eva learned so much during her time there.  We will truly miss the entire staff and the daily interactions with such a great team. I highly recommend All Bright Early Learning Center for anyone looking for a caring, nurturing place for their child. Thank you, All Bright, for the wonderful care and memorable experiences! | My son had been going here for almost 2 years. We were in a crunch for finding childcare when we moved here and went with the first place we could find that had availability... best choice ever! As a mom, it can be hard to trust just anyone with your child and I couldn't ask for better caretakers for my child. All the teachers loved him and treated him as their own and every morning he was excited to meet his teachers and friends.  I cannot thank them enough for the amazing care that they had provided our son. He has learned so much from the teachers, and they have always created memorable learning that my son couldn’t wait to tell us about.  Just as importantly, the teachers truly made us feel like family and welcomed at pick up, drop off. My son knows all the teachers names. We will truly miss seeing everyone on a daily basis and would highly recommend this daycare as a great place for your child. Thank you All Bright Early Learning center!",True,False,False,False,False
AB-Early Learning,"727 Henderson Ave, Coquitlam, BC V3K 1N7, Canada",5.0,8,(778) 859-8010,"I'm so grateful to have found All Bright-Early Learning Centre for my daughter. I was in such a crunch to find daycare earlier this year and Diana was empathetic and accommodating to my situation. We were placed at the Henderson location temporarily, prior to the opening of the Park Crescent location.  All the teachers at both locations, Diana, Andrea, Niloofar and Karen, are kind and compassionate. They bring warmth, energy and passion for teaching, while fostering welcoming, fun, inclusive and nurturing environments for children. My daughter learned so much while being there and it was such a gift to see her grow and develop each day over the past few months. We're so appreciative that she received such high quality care. Niloofar and Karen also provided very nutritious snacks that varied everyday. We always looked forward to receiving the daily updates and photos during nap time and were truly looking forward to having our daughter in their care for the upcoming years, so it was bittersweet when we accepted a $10/day daycare. It was an absolutely positive experience for my daughter - seeing her flourish in their care had put our minds at ease. We deeply miss the incredible staff at AB. Thank you so much for everything! | My daughter has had an excellent experience so far at All Bright! She was nervous to start as this was her first daycare experience. All of the teachers made such an effort to make her feel welcome and at home. Now when I drop her off she is confident and happy to go and play with her friends! I love that they send photos every day so that we can see all of the fun she is having. The kids do a wide range of activities and she is learning lots! | Sending my 4 YO son in this daycare was the best decision, teachers were friendly and supportive and they make kids feel more safe and happy. Also, my son has did learn a lot of things and he enjoyed going there. I highly recommend this place for your kids. | My daughter loves this daycare! All the teachers are very attentive and friendly, lots of fun activities and they take the kids to park too when the weather is good! They’re amazing and I’m very happy with their service! 👍👍👍❤️ | My sons first full time daycare and I am so glad i picked this center! The 2 teachers are amazing and very patient. Various activities and lots of outdoor time!! My son loves the other kids there too, would definitely recommend this center!!",True,False,False,True,False
Learning Steps Daycare,"1254 Johnson St, Coquitlam, BC V3B 4T4, Canada",5.0,21,(604) 725-6373,"Our son has been going to Susmita’s daycare for half a year now, and we honestly couldn’t be happier. From the very beginning, she made us feel comfortable and confident that he was in good hands.  He settled in quickly, though of course there were a lot of tears in the beginning but now he looks forward to going every day, even on the weekend! Susmita creates such a warm, calm, and fun environment — it’s clear she really cares about the kids and puts a lot of thought into what they do each day.  She’s also super easy to talk to — always keeps us updated and is happy to chat if we have any questions. It’s been such a relief knowing he’s spending his days in a place where he’s happy, safe, and thriving.  Would 100% recommend Susmita’s daycare to any parent looking for a kind, reliable, and caring provider. | My child started going to Mita’s daycare around 18 months old, and she has been so kind and loving from the very beginning. Ms. Mita treats my child like her own—with so much care, patience, and warmth. We’ve seen our little one grow and thrive in her care. So thankful we found her! | My daughter has been here for almost 6 months now, she is enjoying and learning a lot. Every morning, she starts getting ready for daycare happily, which tells me she loves being there. Ms Gupta is an amazing and dedicated professional who takes care of kids as her own. i feel safe and comfortable sending my kid to her daycare. Thank you so much for being amazing part of my daughter’s life. | It was an amazing experience for my son!! My husband and I were very nervous to send our 18 months old son to a daycare. But learning step daycare was very good taking care of him. He was really shy when he started. He didn't start walk yet ,not much of words yet but after he started going daycare he changed a lot. He is not afraid of any other kids ,he talks a lot. And now he is running around!! I am very appreciate how they support my son's development. And most important thing that He loves going daycare!! He is even asking me to bring him daycare on a weekend lol We are very grateful that we chose this daycare for my son's childhood. | We have had an amazing experience with Learning Steps for almost two years. We know that our daughter is always well-cared for and she has come so far in the time that she has been attending the daycare. Susmita is kind and caring, and we feel so comfortable in sending our daughter there everyday. She really loves the children and it shows!",False,True,True,False,True
Coquitlam Child Care Resource & Referral,"1130 Austin Ave, Coquitlam, BC V3K 3P5, Canada",5.0,14,(604) 931-3400,"Very helpful staff and clean resources for parents and caregivers ! Definitely worth visiting:) | My toddler and I love this place, it's free to register and has a beautiful selection of toys and games to borrow, plus very friendly staff. So glad to have found this wonderful resource! | It is a treasure box to me. Their items are great resources for my children at the centre and myself. Staffs are friendly, professional and very knowledgeable in the ECE field. Any questions or help? They will get you the answer and assist you shortly. | Wonderful resources, professional development opportunities, materials and staff! | Amazing staff and resources!!!!",False,True,False,True,True
All Bright Early Learning Center Park,"2274 Park Crescent, Coquitlam, BC V3J 6T4, Canada",5.0,4,(778) 859-8010,"We love this caring and loving daycare!  Our son luckily got a spot here right before he turned one. It was a difficult transition for us and the kid at the beginning for the separation, but the two teachers there were very helpful and patient with us all the time. It’s an under-3 year-old daycare with 8 kiddos, two teachers are caring and you can tell they enjoy the kids truly. Lots of activities for kids throughout the day and kid sleep well.  We find the spaces are great and spacious for this ages. My son love going there everyday! | My son started going to All Bright when he was just 11 months old, and we couldn’t have been happier with the care he received. The teachers were so loving and attentive, and he absolutely adored the big green playground. A very special thank you to Ms. Niloofar, who was always so caring.  We only transferred because we got a spot at a non-profit daycare within walking distance, but leaving All Bright was not an easy choice. I would totally recommend this daycare. | We love this daycare and are so happy here.  Our son was accepted at All Bright just before his first birthday and has been here for almost a year. As first time parents, and going back to work full time it is always hard to leave your child's side especially at such a young age, but the process was almost seamless. Our son has developed so much in the last year and the staff here have been so attentive and easy going as he continues to change.  There's a big yard that the children enjoy and play in when the weather cooperates and the ECE's provide child appropriate play both outdoors and indoors.  It is sometimes hard to get him to leave at the end of the day! I would recommend this daycare to anyone. | I love this daycare! Our son has been here for a year and he loves it. We love that it's a small centre with only 8 kids and 2 teachers - and the teachers have been the same the whole year. It feels like a family!",False,True,False,False,False
Parkland Players Child Care Center,"1563 Regan Ave, Coquitlam, BC V3J 3B7, Canada",4.7,42,(604) 936-7005,"Parkland Players is a wonderful daycare, and we’re so happy we were able to join. My son has been attending since September. We came with no English at all, and this was our first real daycare experience here. The teachers and administration support us and our son in every possible way. They have a very convenient app with notifications and daily reports about what the children are doing. It’s the kind of daycare that combines both structure and a lot of genuine care for the kids. Teachers are amazing - very professional, incredibly supportive, kind, warm, and truly understanding. I can already see how much my son has learned in the short time we’ve been there. The learning program is very creative - the kids make different crafts every day, and there have already been four themed parties for various holidays. In short, if you want your child to grow and develop in a warm, friendly environment where every child’s feelings matter, Parkland Players is the place to be. Highly recommended our wonderful daycare! | I absolutely love this daycare! The staff are incredibly kind, caring, and professional. They treat every child with so much love and patience, as if they were their own. The environment is always warm, safe, and welcoming. My child is genuinely happy to go every day. I am truly grateful to all the wonderful teachers and staff for the dedication and positive energy they bring. Highly recommended! | We recently moved to Coquitlam and were pleasantly surprised by how well this daycare is organized. My 4-year-old son loves going every day, enjoys the activities, and even started speaking English here. The teachers are very kind, there’s a big playground, and two weekly Pre-School classes are included. Highly recommend! | My son has been attending this daycare for 2 years, and we are so thankful for the wonderful care he receives. The teachers are patient, kind, and truly dedicated to the children’s well-being and development. He has grown so much in his social skills and confidence, and he always comes home happy and excited about his day. This daycare feels like a second home, and I highly recommend it to other families. | My kiddo went to parkland player summer camp last for 2years and he had so much fun and time with educated experience from field trips to beach, parks, science world, Playland and from all the activities ( He loved the dance party). Teachers updated the pictures and description everyday and it was great to see what my kid did everyday.  Thanks for the safe and fun, educated activities and also wonderful caring",False,False,False,False,True
Busy Bees Child Care,"1159 Eagleridge Dr, Coquitlam, BC V3E 1K1, Canada",5.0,11,(604) 561-5380,"My daughter attended Busy Bees Child Care, and our experience was absolutely wonderful. The environment created by the owner, Rekha, was one of warmth, nurturing, and genuine care.  Rekha goes above and beyond, establishing a loving and stable atmosphere where children thrive. She balances a structured learning environment with creative play, and we saw incredible growth in our daughter's confidence, language and skills.  What truly sets Busy Bees apart is the deeply personal connection Rekha forms with the children. My daughter came to think of Rekha as an extension of our family—a testament to the loving bond they shared. She would regularly ask if she could go to daycare on the weekend.  We highly recommend Busy Bees Child Care to any family looking for a safe, educational, and profoundly caring place for their child. Thank you, Rekha, for being such a wonderful part of our daughter's early years! | I wish I could give more than five stars! I can’t praise BusyBee Daycare enough. I’m truly grateful that my child has the opportunity to learn and grow with such talented, caring, and loving staff. If anyone is looking for a daycare, I would highly recommend this one. And I have to say—Rekha is absolutely the best teacher for the young ones. We feel so lucky to have her! | We had an amazing experience at Busy Bees Child Care. Rekha has created a warm, caring, family-like environment, and our son loved going to daycare every day. She consistently planned fun art projects and the kids spent lots of time outside exploring. We couldn’t recommend this daycare highly enough. | We've been to two daycares since our twins aged out of Busy Bees, and we haven't found anyone that could match Rekha's loving care. She is fantastic with the kids, super creative in planning and executing age appropriate activities - play-based but educational, memorably celebrates all events and holidays big or small. The kids did lovely art projects with her that we have still saved. She is very caring and nurturing, very understanding of each parents unique struggles. She was more than a daycare, she is family to us. Cannot recommend her enough. | My daughter started in busy bees when she was 11 months old. She absolutely loved Rekha & Jenny and loved going to daycare. They are so kind and do lots of activities and outside time with the kids. Communication is great and we would receive some pictures throughout the day which was nice. I cannot recommend them enough, thank you busy bees for an amazing experience. We miss you!! 🫶🏼",False,False,False,True,True
Growing Hands Childcare - Coquitlam,"1001 Austin Ave, Coquitlam, BC V3K 3N9, Canada",3.8,13,(778) 899-1797,"Highly recommended! My daughter 3 years old absolutely loves this school. We have seen such amazing results since she's started going here. She learns something new each day and brings home amazing classroom work every week. We get daily updates and photos, which is so great not only hearing but also seeing all the fun activities they get up to. A very big thank you to all the teachers, especially my daughter's teacher Darine! | I couldn't be more happier with Growing hands daycare. We moved from Toronto Ontario to Coquitlam and The staff is incredibly caring and attentive, they really go above and beyond to ensure that my child is comfortable and engaged. My little one Emma who is 3 years old  loves going there every day and comes home with new skills and stories. The environment is clean, safe, and full of fun learning activities. I also appreciate all the regular updates that  Darine my child teacher give every day to me ( naps , lunch)  – I feel completely at ease knowing my child is in such good hands. Highly recommend! | A clean, safe and respectful environment is fostered here. My kid is always learning something new, and has made some strong positive friendships with the other children. The staff make sure my kid always feels cared for and I truly feel the warmth and genuine affection they have for the kids. A safe and fun care centre that our family highly recommends. We’re so grateful to have found growing hands. | Thank you for creating a warm and welcoming environment for our child. Your leadership (Afsoun and Azizeh) and vision are evident in every aspect of the daycare. We appreciate your commitment to providing high-quality care and education. Your dedication to the children and families is truly impressive.The staff at this daycare are exceptional. They're always willing to lend a helping hand and go above and beyond to ensure the children's needs are met.Thank you all!!! | Our daughter attend this daycare since she’s 1 year old. The director is very attentive to every detail and experienced. The teachers are very caring and do their jobs very well. Our daughter loves going there every day. She has learned many new things and made many friends.",False,True,True,False,False
"Roseland child care center, ltd","2022 Foster Ave, Coquitlam, BC V3J 2N6, Canada",5.0,5,(778) 929-4740,"We are incredibly happy with our experience at Roseland Child care center. From the moment we enrolled our child, we’ve seen such positive growth and development, both emotionally and intellectually.  One of the standout features of this daycare is the bilingual approach — our child is learning French in a fun, engaging way that builds a strong foundation for language development. The daily hands-on activities keep the children curious and involved, fostering creativity and critical thinking from an early age.  The outdoor space is another major highlight. The large backyard is filled with toys and equipment that support gross motor development, and the children get plenty of time to explore and play in a safe and stimulating environment.  We also appreciate the enrichment programs offered — having a music teacher and yoga instructor come in regularly adds such wonderful variety to our child’s routine. It’s clear that the team cares deeply about providing a well-rounded early education experience.  Most importantly, the staff are nurturing, professional, and attentive. We always feel confident that our child is in a loving and supportive environment.  We highly recommend Roseland Child care center to any parents looking for a place where their child can thrive! | My son feels really happy and comfortable at this daycare. The staff are super kind and experienced. The place is always very clean, and they treat the kids with so much respect and kindness. We’re really happy with how they care for the children. The activities at the daycare are super creative, energetic, and group-based. They’ve really helped my son learn how to play and interact with other kids. | ""I would like to thank you from the bottom of my heart for all the hard work of our beloved kindergarten, especially Ms. Elham and Ms. Mahtab. The kindergarten environment is full of love, happiness, and security for the children. My daughter goes to kindergarten every day with enthusiasm and a smile, and this is a sign of the teachers' unparalleled love and patience. I truly thank you for making the children's world more beautiful with your compassion and kindness 💖"" | I feel so comfortable sending my son here. Hadi and Elham are the greatest, I know my son is in safe hands! Great communication, and lovely staff! They make my son feel comfortable going to daycare. Drop off pick ups are a breeze! 10 out of 10 recommended!❤️❤️ | I am very happy to have found this daycare, my daughter is always very happy and loves being there!",True,True,True,True,False
Mini Miracles Children Centre,"1102 Ridgeway Ave, Coquitlam, BC V3J 1S9, Canada",5.0,2,(604) 790-1102,"This daycare has been a great experience for our family. The teachers are kind, reliable, and genuinely take the time to understand each child’s needs. The space feels welcoming and safe, and there’s a good balance between structured activities and free play. We’ve noticed positive changes in our child’s confidence and daily routine since enrolling. It’s also reassuring that the staff keep parents updated and are easy to communicate with. Overall, we’re very satisfied and grateful to have found this place. | Warm, gentle, communicative caregivers and owner.   Ample outdoor playtime, and good program.    Our child absolutely loves Mini Miracle Daycare",False,False,True,False,True
"Blessed Generations Academy - Westwood, Coquitlam","1294 Johnson St, Coquitlam, BC V3B 4T5, Canada",5.0,10,(604) 618-4767,"Teachers at Blessed Generations Academy Coquitlam are very caring and loving, in both - babies and older children group.  Most importantly, this daycare is Christ centred, children learn a lot about Jesus and do many bible related activities. | Thank you so much for everything you have done for us. BGA has been a second home for our daughter over the past 1.5 years. We are especially grateful to all the staff members for their professionalism and care.  When we moved to Canada, our daughter didn’t speak a word of English. Thanks to the daily songs, books, and engaging activities, she quickly began to learn the language. The daily craft lessons were also a highlight.  Now, our daughter is fully ready to start Kindergarten — and it’s almost entirely thanks to BGA. We truly appreciate everything you’ve done for our family. | We couldn't be happier with this daycare!  Initially, my son was super attached to me, making the thought of daycare daunting. However, the teachers here are phenomenal! They showered him with so much love and attention that his attachment melted away very quickly. It was genuinely surprising how fast he adjusted. Every day, he's excited to go, and he loves his teachers and friends. The staff are not only professional but genuinely caring, and it shows in everything they do. I am also amazed by the variety of activities they offer. My son is thrilled with the amount of crafts they do—every day he comes home with a new masterpiece and singing all the songs that they learned. Additionally, they prioritize outdoor activities, which all kids absolutely love! This daycare truly goes above and beyond in ensuring every child's day is filled with learning, creativity, and fun.  I highly recommend this daycare to any parent looking for a place where their child will thrive and feel cherished! | My two boys have been with Blessed Generation since they were 1 years old and 4 months old, they are both now 3 and 4. First at the New West location, and then at the Westwood. They made me feel safe the moment I meet all teachers and Ms. Helen. I trusted that the boys would be in good care. I am forever grateful and thankful I found them and they took care of my boys all these years. I would highly recommend this daycare, my boys loved all their teachers there and the staff there are so wonderful!! | I can’t say enough about the infant/toddler class at BGA Coquitlam. The teachers took care of our son like their own. He started as the youngest one (not even walking at the time!) to graduating as one of the oldest from his class. As a first time parent, I was nervous about putting my child into the care of someone else, but after the first week, my worries were put at ease. Every day I received updates throughout the day about my son’s activities, how much he ate at mealtimes, diaper changes and more. The daycare manager, Ms. Ellie, was also very attentive and caring. Thank you Ms. Joy, Ms. Eli and Ms. Megan for all the love and care you gave little Dom over the last two years. We will miss you all very much.",True,False,False,False,False
Mindful Kids Childcare LTD,"1596 Hammond Ave, Coquitlam, BC V3K 2P6, Canada",5.0,3,(778) 833-2542,"My son goes here and he absolutely loves it.  He does not want to come home at pickup!! And we are excited for his little sister to join him there soon.  Feel so lucky to have found Stefani and her awesome daycare.  They are teaching my son so much and have special themes each week, awesome crafts they send him home with, and even do yoga and park walks.  It's also a gorgeous space inside for the kiddos.  New educational fun toys each morning.  I know he's safe and having a blast. | I am so happy with Mindful Kids. My daughter has grown so much. She has really come out of her shell since attending. The teachers are amazing, caring, and attentive to each child's individual needs. I love how much time the kids play and learn outside and I'm very pleased with the cleanliness of the facility. | We have been so happy with the care our daughter has received at Mindful Kids. The facility is spotless, all the caregivers are thoughtful and kind, the kids have tons of outdoor time, and they come home every week with artwork showing the different topics they have learned about.  It’s such a relief to drop off my child and not wonder whether she will be safe and well cared for. Highly recommend!",False,True,True,True,True
Mini Miracles Toddler Centre,"913 Madore Ave, Coquitlam, BC V3K 3B4, Canada",4.2,10,(778) 886-2351,"I cannot say enough good things about Mini Miracles. The owner and teachers are beyond amazing and taught our daughter so many things in the year she attended. We felt she was always left in very safe and caring hands. We were sad to move on but are very thankful for the time our daughter got to spend here. | Both of my children attend Mini Miracles and they absolutely love it. The kids are well taken care of, they are always learning and having fun. The owner and teachers are so thoughtful, wonderful, caring and helpful. I would recommend to any parent. Our experience has been wonderful. | When I first visited this place, the owner was a very kind, warm-hearted person. You can tell that she is a professional that always puts children's needs first. As a working mom, I appreciate that my son is safe. She makes my morning easier. | My son attends here. This place is so amazing and we couldn’t be happier with well-maintained facilities , well- educated teachers (especially,Mini !) They are warm and professional . High recommended!!! | Unfortunately, if the management of an educational complex is problematic and flawed, that behaviour and education will be passed on to our children.  I am very happy that I did not put my child in this daycare so that she can learn the best way of education elsewhere.",False,False,False,False,False
Early Learning Childcare Centre - Barnet - Coquitlam,"103-2764 Barnet Hwy, Coquitlam, BC V3B 1B9, Canada",4.6,25,(604) 475-4800,"I have raised my two sons at the Early Learning Childcare Centre at the Barnet location. They started in the infant room and continued through to the 3–5 classroom.  The manager is incredibly kind and supportive, and the teachers are always polite, caring, and helpful. Every single day, my children were excited to go to daycare and would come home with clean clothes and happy faces.  I am truly grateful for the loving and positive environment they provide for children and families. Thanks to zivar and her team | My daughter attended this daycare 1.5 years and she was in good hands. She was in both the infant and toddler class and their activities were always age appropriate. I've noticed that they teach more than the average daycare. At 2 years old, my daughter was already doing show and share every week and she was so excited to share her favorite toys, books, etc. Thank you for all the love and care you have shown both my daughter and the rest of our family. | Both of our daughters attended Early Learning - Barnet location for full time care, in the infant, toddler and 3-5 programs. It felt like family. The classes are on the smaller side which was great for adjustment and relationship building with the children. The teachers were great - you can tell they love their jobs, are good communicators with both children and parents, and are willing to accommodate where necessary. We left due to a move but miss them already! | I visit a business in this complex multiple times a week. Many of the parents use the accessible parking spots just for drop off and pick up. None of them have accessible parking requirements. The staff have been informed and they do nothing to advise against this either. One of the businesses in the same complex has patients who would need these spots. One might think it’s just for a few minutes here and there but when you have someone who needs these spots, a few minutes makes a big difference. As a mother of 3, if you want your child learning respect, I would not send them here. | My son is 14 months old and was there only for 2 months but the way they cared for him melts my heart. He was in such great hands. The communications was superb between me and the teachers. He took his first steps there and they made a video of that. I was touched! Wish we could have stayed for a very long time. He definitely miss his teachers and friends. Hope our path crosses in future again",False,True,False,False,True
Maple Caspian Kids Academy,"1041 Ridgeway Ave unit 102 & 103, Coquitlam, BC V3J 1S6, Canada",5.0,7,(604) 413-3094,"We are truly grateful to this children’s academy for the care and love they give to the kids. Here they don’t just look after them, but genuinely nurture and develop each child, paying attention to their interests and needs. The teachers are very attentive, kind, and sincere in their communication.  My child is absolutely happy to attend this kindergarten - so much so that even on weekends they ask when they can go back 💛 For me, this is the best sign that we made the right choice.  Thank you to the whole team for creating such a warm, safe, and inspiring place for children! 🌸 | Our family has had the pleasure of having our son in Ms. Haniyeh’s care and she is fantastic! She is so loving and caring and dedicated to creating a space for kids that feels like a second home. Each day is enriched with stimulating games and activities and we could see our child learn new skills and concepts! We are very thankful to have such a safe, reliable, and trustful place in our community. Our son also got a chance to keep practicing his Farsi skills. | This daycare has such a colorful and joyful atmosphere — it’s full of positive energy that really uplifts the kids. You can tell they’ve put a lot of thought into creating a space that’s both fun and nurturing. The location is super convenient, and there’s always plenty of parking, which makes drop-offs and pick-ups stress-free. Hanieh, the owner of the academy, is incredibly hospitable, patient, and warm-hearted — you feel truly welcomed from the moment you walk in. A wonderful environment for any child to grow and thrive! | Haniyeh is an exceptional manager at Maple Caspian Kids Academy! She brings so much warmth, professionalism, and care to everything she does. Her passion for creating a safe, nurturing, and educational environment for children truly shines through. She’s always attentive to parents’ concerns, and you can tell she genuinely loves working with kids. The entire daycare runs so smoothly under her leadership. Highly recommend Maple Caspian Kids Academy—Haniyeh is a big part of what makes it such a special place! | Haniyeh was the first person who wasn’t a family member to take care of my son when he went to daycare for the first time. She was really special to him and did a great job of helping him adjust.",False,True,False,True,False
